Date,HomeTeam,AwayTeam,FTHG,FTAG,FTR,HST,AST,data_origin
01/08/2021,Burnley,West Ham,0,0,D,1,0,synthetic_demo
01/08/2021,Chelsea,Everton,0,0,D,2,3,synthetic_demo
02/08/2021,Newcastle,Brentford,1,0,H,4,0,synthetic_demo
03/08/2021,Bournemouth,Man City,0,1,A,2,9,synthetic_demo
03/08/2021,Crystal Palace,Aston Villa,1,2,A,3,5,synthetic_demo
04/08/2021,West Ham,Bournemouth,1,1,D,5,7,synthetic_demo
05/08/2021,Man United,Burnley,1,2,A,4,6,synthetic_demo
05/08/2021,Newcastle,Everton,3,1,H,7,7,synthetic_demo
06/08/2021,Leeds,Wolves,0,0,D,4,4,synthetic_demo
07/08/2021,Bournemouth,Tottenham,0,0,D,7,4,synthetic_demo
08/08/2021,Tottenham,Wolves,2,1,H,2,4,synthetic_demo
08/08/2021,West Ham,Crystal Palace,1,2,A,5,5,synthetic_demo
09/08/2021,Man United,Sunderland,1,0,H,3,2,synthetic_demo
10/08/2021,Man United,Brentford,0,0,D,4,5,synthetic_demo
10/08/2021,Crystal Palace,Brentford,0,0,D,4,2,synthetic_demo
11/08/2021,Crystal Palace,Sunderland,3,1,H,6,4,synthetic_demo
12/08/2021,Fulham,Burnley,2,1,H,6,4,synthetic_demo
13/08/2021,Burnley,Sunderland,0,0,D,3,2,synthetic_demo
13/08/2021,Everton,Man City,1,0,H,3,7,synthetic_demo
14/08/2021,Arsenal,Leeds,2,1,H,10,2,synthetic_demo
15/08/2021,Brentford,Man City,0,1,A,3,6,synthetic_demo
15/08/2021,Arsenal,Brentford,4,2,H,5,4,synthetic_demo
16/08/2021,Everton,Brentford,0,5,A,2,8,synthetic_demo
17/08/2021,Wolves,Brentford,0,1,A,2,3,synthetic_demo
18/08/2021,Fulham,Man United,0,3,A,2,9,synthetic_demo
18/08/2021,Wolves,Nott'm Forest,3,1,H,4,4,synthetic_demo
19/08/2021,Bournemouth,Arsenal,0,0,D,4,8,synthetic_demo
20/08/2021,Bournemouth,Man United,3,2,H,9,3,synthetic_demo
20/08/2021,Arsenal,Aston Villa,3,1,H,9,2,synthetic_demo
21/08/2021,Liverpool,Nott'm Forest,0,2,A,4,4,synthetic_demo
22/08/2021,Liverpool,Man United,2,0,H,8,4,synthetic_demo
23/08/2021,Tottenham,Everton,0,0,D,5,6,synthetic_demo
23/08/2021,Brighton,Man United,0,1,A,1,5,synthetic_demo
24/08/2021,Fulham,Aston Villa,2,1,H,8,3,synthetic_demo
25/08/2021,Man City,Nott'm Forest,2,2,D,10,6,synthetic_demo
25/08/2021,Bournemouth,Burnley,1,0,H,2,2,synthetic_demo
26/08/2021,Nott'm Forest,Fulham,0,0,D,1,2,synthetic_demo
27/08/2021,Brentford,Nott'm Forest,1,0,H,3,3,synthetic_demo
28/08/2021,Newcastle,Brighton,2,0,H,5,2,synthetic_demo
28/08/2021,Fulham,Tottenham,2,0,H,4,1,synthetic_demo
29/08/2021,Nott'm Forest,Leeds,0,1,A,3,4,synthetic_demo
30/08/2021,Bournemouth,West Ham,1,2,A,7,4,synthetic_demo
30/08/2021,Nott'm Forest,Arsenal,0,1,A,4,4,synthetic_demo
31/08/2021,Wolves,Bournemouth,1,2,A,1,7,synthetic_demo
01/09/2021,Newcastle,Man United,1,0,H,5,3,synthetic_demo
01/09/2021,Fulham,West Ham,2,2,D,6,5,synthetic_demo
02/09/2021,Leeds,Newcastle,2,0,H,4,6,synthetic_demo
03/09/2021,Man City,Chelsea,4,0,H,9,0,synthetic_demo
04/09/2021,Man United,Arsenal,2,2,D,8,4,synthetic_demo
04/09/2021,Wolves,Arsenal,0,2,A,1,6,synthetic_demo
05/09/2021,Nott'm Forest,Brentford,1,0,H,2,3,synthetic_demo
06/09/2021,Wolves,Newcastle,0,1,A,6,3,synthetic_demo
06/09/2021,Nott'm Forest,Liverpool,2,0,H,4,5,synthetic_demo
07/09/2021,Newcastle,Fulham,1,1,D,4,3,synthetic_demo
08/09/2021,Aston Villa,Everton,1,2,A,4,8,synthetic_demo
09/09/2021,Man United,Chelsea,1,0,H,6,1,synthetic_demo
09/09/2021,Aston Villa,Leeds,0,1,A,4,5,synthetic_demo
10/09/2021,Leeds,Burnley,2,0,H,8,1,synthetic_demo
11/09/2021,Newcastle,West Ham,2,1,H,6,7,synthetic_demo
11/09/2021,Brentford,Fulham,0,2,A,6,7,synthetic_demo
12/09/2021,Sunderland,Arsenal,2,2,D,3,6,synthetic_demo
13/09/2021,Brentford,Arsenal,0,0,D,4,2,synthetic_demo
14/09/2021,Tottenham,Chelsea,2,3,A,6,4,synthetic_demo
14/09/2021,Tottenham,Burnley,3,2,H,7,10,synthetic_demo
15/09/2021,Wolves,Brighton,0,1,A,3,4,synthetic_demo
16/09/2021,Brentford,Crystal Palace,2,0,H,4,2,synthetic_demo
16/09/2021,Sunderland,Chelsea,1,2,A,3,6,synthetic_demo
17/09/2021,Aston Villa,Bournemouth,2,4,A,5,6,synthetic_demo
18/09/2021,Man City,Liverpool,1,3,A,7,4,synthetic_demo
19/09/2021,Man City,Leeds,1,0,H,1,2,synthetic_demo
19/09/2021,Brighton,Sunderland,2,0,H,6,2,synthetic_demo
20/09/2021,Man City,Arsenal,3,1,H,6,4,synthetic_demo
21/09/2021,Liverpool,Bournemouth,1,1,D,6,5,synthetic_demo
21/09/2021,Sunderland,West Ham,2,0,H,5,4,synthetic_demo
22/09/2021,Burnley,Crystal Palace,1,2,A,1,5,synthetic_demo
23/09/2021,Brighton,Fulham,2,1,H,4,3,synthetic_demo
24/09/2021,Liverpool,Newcastle,1,0,H,5,3,synthetic_demo
24/09/2021,Arsenal,Brighton,2,0,H,4,5,synthetic_demo
25/09/2021,Fulham,Bournemouth,1,3,A,6,5,synthetic_demo
26/09/2021,Tottenham,Man City,0,0,D,5,6,synthetic_demo
26/09/2021,Burnley,Fulham,2,1,H,3,4,synthetic_demo
27/09/2021,Nott'm Forest,Wolves,1,3,A,3,5,synthetic_demo
28/09/2021,Newcastle,Chelsea,0,2,A,4,7,synthetic_demo
28/09/2021,Burnley,Aston Villa,0,2,A,6,5,synthetic_demo
29/09/2021,Aston Villa,Tottenham,3,1,H,8,4,synthetic_demo
30/09/2021,Bournemouth,Newcastle,1,1,D,4,3,synthetic_demo
01/10/2021,Chelsea,West Ham,4,2,H,6,5,synthetic_demo
01/10/2021,Chelsea,Bournemouth,2,0,H,5,4,synthetic_demo
02/10/2021,Nott'm Forest,Chelsea,1,0,H,4,8,synthetic_demo
03/10/2021,Man United,Aston Villa,2,3,A,5,4,synthetic_demo
03/10/2021,Leeds,Crystal Palace,3,0,H,4,5,synthetic_demo
04/10/2021,Crystal Palace,Bournemouth,0,0,D,1,4,synthetic_demo
05/10/2021,Aston Villa,Liverpool,4,0,H,9,4,synthetic_demo
06/10/2021,West Ham,Liverpool,0,1,A,2,7,synthetic_demo
06/10/2021,West Ham,Everton,1,1,D,2,5,synthetic_demo
07/10/2021,Wolves,West Ham,3,3,D,9,7,synthetic_demo
08/10/2021,Liverpool,Wolves,1,2,A,4,7,synthetic_demo
08/10/2021,Wolves,Man United,1,0,H,3,2,synthetic_demo
09/10/2021,West Ham,Brentford,3,2,H,5,5,synthetic_demo
10/10/2021,Bournemouth,Liverpool,0,0,D,3,11,synthetic_demo
11/10/2021,Man City,Crystal Palace,0,1,A,4,7,synthetic_demo
11/10/2021,Crystal Palace,Fulham,1,2,A,3,3,synthetic_demo
12/10/2021,Brighton,Bournemouth,3,0,H,7,3,synthetic_demo
13/10/2021,Newcastle,Leeds,2,0,H,7,0,synthetic_demo
13/10/2021,Wolves,Liverpool,2,0,H,4,4,synthetic_demo
14/10/2021,Everton,Nott'm Forest,1,4,A,6,6,synthetic_demo
15/10/2021,Sunderland,Tottenham,1,3,A,3,7,synthetic_demo
16/10/2021,Bournemouth,Brighton,0,0,D,6,2,synthetic_demo
16/10/2021,Man United,Everton,2,3,A,8,6,synthetic_demo
17/10/2021,Everton,Sunderland,3,2,H,9,5,synthetic_demo
18/10/2021,Brighton,West Ham,2,1,H,8,2,synthetic_demo
18/10/2021,Sunderland,Man City,0,3,A,2,6,synthetic_demo
19/10/2021,Chelsea,Liverpool,0,3,A,4,11,synthetic_demo
20/10/2021,Everton,Aston Villa,2,1,H,7,2,synthetic_demo
21/10/2021,Chelsea,Burnley,0,1,A,6,4,synthetic_demo
21/10/2021,Burnley,Man United,1,1,D,2,5,synthetic_demo
22/10/2021,Crystal Palace,Leeds,2,2,D,6,4,synthetic_demo
23/10/2021,Brentford,Wolves,2,1,H,3,4,synthetic_demo
23/10/2021,Burnley,Liverpool,1,2,A,6,9,synthetic_demo
24/10/2021,Aston Villa,Man United,0,0,D,0,3,synthetic_demo
25/10/2021,Sunderland,Newcastle,1,1,D,4,8,synthetic_demo
25/10/2021,Tottenham,Sunderland,1,0,H,9,6,synthetic_demo
26/10/2021,Arsenal,Newcastle,1,1,D,6,2,synthetic_demo
27/10/2021,Everton,Bournemouth,2,2,D,4,3,synthetic_demo
28/10/2021,Tottenham,Man United,0,1,A,4,4,synthetic_demo
28/10/2021,Burnley,Man City,0,2,A,3,7,synthetic_demo
29/10/2021,Man City,Bournemouth,0,0,D,2,5,synthetic_demo
30/10/2021,Brighton,Burnley,2,0,H,5,4,synthetic_demo
30/10/2021,West Ham,Newcastle,2,5,A,7,9,synthetic_demo
31/10/2021,Man United,Tottenham,1,2,A,3,8,synthetic_demo
01/11/2021,Aston Villa,Newcastle,2,2,D,4,4,synthetic_demo
02/11/2021,Fulham,Everton,1,2,A,4,5,synthetic_demo
02/11/2021,Leeds,Sunderland,1,0,H,3,2,synthetic_demo
03/11/2021,Leeds,Brighton,1,1,D,1,4,synthetic_demo
04/11/2021,Aston Villa,Fulham,1,1,D,4,3,synthetic_demo
04/11/2021,Newcastle,Burnley,2,2,D,4,3,synthetic_demo
05/11/2021,Sunderland,Aston Villa,0,1,A,3,4,synthetic_demo
06/11/2021,Tottenham,Newcastle,1,1,D,6,6,synthetic_demo
07/11/2021,Liverpool,Tottenham,1,0,H,2,2,synthetic_demo
07/11/2021,Liverpool,Aston Villa,1,0,H,7,2,synthetic_demo
08/11/2021,Sunderland,Burnley,1,0,H,5,4,synthetic_demo
09/11/2021,Man City,Man United,2,1,H,4,2,synthetic_demo
09/11/2021,Bournemouth,Crystal Palace,0,0,D,2,2,synthetic_demo
10/11/2021,Tottenham,Crystal Palace,0,0,D,6,7,synthetic_demo
11/11/2021,West Ham,Man United,1,2,A,2,6,synthetic_demo
12/11/2021,Man United,West Ham,1,0,H,4,4,synthetic_demo
12/11/2021,Crystal Palace,Man United,1,0,H,3,5,synthetic_demo
13/11/2021,Brighton,Liverpool,2,1,H,6,4,synthetic_demo
14/11/2021,Crystal Palace,Brighton,1,1,D,5,5,synthetic_demo
14/11/2021,Leeds,Liverpool,0,3,A,2,8,synthetic_demo
15/11/2021,Burnley,Nott'm Forest,0,1,A,1,1,synthetic_demo
16/11/2021,Newcastle,Nott'm Forest,2,0,H,7,2,synthetic_demo
17/11/2021,Liverpool,Man City,1,1,D,5,8,synthetic_demo
17/11/2021,Newcastle,Man City,1,2,A,5,8,synthetic_demo
18/11/2021,Man United,Crystal Palace,1,2,A,4,5,synthetic_demo
19/11/2021,Liverpool,Sunderland,4,0,H,6,0,synthetic_demo
19/11/2021,Fulham,Man City,3,1,H,9,4,synthetic_demo
20/11/2021,Newcastle,Tottenham,0,2,A,1,3,synthetic_demo
21/11/2021,Brighton,Chelsea,0,1,A,4,5,synthetic_demo
21/11/2021,Sunderland,Brighton,1,0,H,2,3,synthetic_demo
22/11/2021,Brentford,Brighton,2,0,H,4,6,synthetic_demo
23/11/2021,Nott'm Forest,Burnley,1,2,A,4,4,synthetic_demo
24/11/2021,Brentford,Man United,1,1,D,6,2,synthetic_demo
24/11/2021,Chelsea,Man United,0,2,A,4,2,synthetic_demo
25/11/2021,Brighton,Arsenal,2,0,H,6,5,synthetic_demo
26/11/2021,Brighton,Aston Villa,3,1,H,4,2,synthetic_demo
26/11/2021,Leeds,Brentford,1,0,H,4,1,synthetic_demo
27/11/2021,Burnley,Leeds,4,0,H,11,2,synthetic_demo
28/11/2021,Tottenham,Liverpool,1,1,D,8,3,synthetic_demo
29/11/2021,Man City,Tottenham,2,1,H,10,2,synthetic_demo
29/11/2021,Leeds,Arsenal,0,0,D,3,3,synthetic_demo
30/11/2021,Man United,Leeds,2,2,D,5,5,synthetic_demo
01/12/2021,Chelsea,Tottenham,0,3,A,4,5,synthetic_demo
01/12/2021,Nott'm Forest,Bournemouth,0,0,D,2,2,synthetic_demo
02/12/2021,Chelsea,Newcastle,1,2,A,8,6,synthetic_demo
03/12/2021,Everton,Chelsea,1,1,D,5,4,synthetic_demo
04/12/2021,Man City,Everton,3,0,H,5,5,synthetic_demo
04/12/2021,Arsenal,Fulham,0,0,D,2,7,synthetic_demo
05/12/2021,Man United,Bournemouth,1,1,D,2,3,synthetic_demo
06/12/2021,Liverpool,Fulham,2,2,D,5,8,synthetic_demo
06/12/2021,Leeds,Bournemouth,0,1,A,6,6,synthetic_demo
07/12/2021,Brentford,Liverpool,1,2,A,4,6,synthetic_demo
08/12/2021,Sunderland,Brentford,1,0,H,5,8,synthetic_demo
09/12/2021,Chelsea,Leeds,4,1,H,8,4,synthetic_demo
09/12/2021,Leeds,Chelsea,1,2,A,5,6,synthetic_demo
10/12/2021,Brentford,Aston Villa,1,1,D,5,6,synthetic_demo
11/12/2021,Everton,Tottenham,2,1,H,7,4,synthetic_demo
11/12/2021,Fulham,Brentford,0,1,A,2,5,synthetic_demo
12/12/2021,Bournemouth,Brentford,0,2,A,2,5,synthetic_demo
13/12/2021,West Ham,Leeds,1,1,D,4,4,synthetic_demo
14/12/2021,Man United,Newcastle,0,1,A,3,9,synthetic_demo
14/12/2021,Sunderland,Man United,0,0,D,5,2,synthetic_demo
15/12/2021,Everton,Brighton,1,2,A,2,4,synthetic_demo
16/12/2021,Tottenham,Brighton,0,2,A,3,9,synthetic_demo
16/12/2021,Aston Villa,Brentford,2,1,H,5,2,synthetic_demo
17/12/2021,Man City,West Ham,2,0,H,7,1,synthetic_demo
18/12/2021,Leeds,Aston Villa,3,0,H,7,5,synthetic_demo
18/12/2021,Man City,Burnley,0,1,A,4,1,synthetic_demo
19/12/2021,Burnley,Wolves,1,1,D,6,5,synthetic_demo
20/12/2021,Everton,Crystal Palace,0,1,A,3,3,synthetic_demo
21/12/2021,Newcastle,Wolves,1,0,H,4,1,synthetic_demo
21/12/2021,Everton,Fulham,1,1,D,1,3,synthetic_demo
22/12/2021,Arsenal,Burnley,2,2,D,8,6,synthetic_demo
23/12/2021,Liverpool,Burnley,3,1,H,7,3,synthetic_demo
23/12/2021,Arsenal,Man United,0,1,A,6,6,synthetic_demo
24/12/2021,Wolves,Everton,0,0,D,3,2,synthetic_demo
25/12/2021,Sunderland,Bournemouth,3,1,H,6,1,synthetic_demo
26/12/2021,Tottenham,Arsenal,0,3,A,3,6,synthetic_demo
26/12/2021,Brighton,Nott'm Forest,1,3,A,6,4,synthetic_demo
27/12/2021,Newcastle,Arsenal,0,0,D,5,4,synthetic_demo
28/12/2021,West Ham,Fulham,1,2,A,4,3,synthetic_demo
28/12/2021,Brentford,Tottenham,1,3,A,4,6,synthetic_demo
29/12/2021,Arsenal,Liverpool,1,0,H,6,5,synthetic_demo
30/12/2021,Chelsea,Brighton,0,1,A,8,5,synthetic_demo
31/12/2021,Fulham,Brighton,2,0,H,5,4,synthetic_demo
31/12/2021,Brentford,Leeds,2,5,A,5,7,synthetic_demo
01/01/2022,Liverpool,West Ham,2,0,H,9,1,synthetic_demo
02/01/2022,Burnley,Newcastle,0,0,D,5,4,synthetic_demo
02/01/2022,Burnley,Bournemouth,0,2,A,3,3,synthetic_demo
03/01/2022,Burnley,Brentford,1,1,D,3,5,synthetic_demo
04/01/2022,Arsenal,Chelsea,0,3,A,5,9,synthetic_demo
05/01/2022,Wolves,Aston Villa,1,0,H,3,2,synthetic_demo
05/01/2022,Bournemouth,Nott'm Forest,2,2,D,3,3,synthetic_demo
06/01/2022,Brentford,West Ham,5,1,H,5,5,synthetic_demo
07/01/2022,Chelsea,Nott'm Forest,0,0,D,4,0,synthetic_demo
07/01/2022,Chelsea,Sunderland,3,1,H,11,1,synthetic_demo
08/01/2022,Wolves,Man City,0,0,D,4,2,synthetic_demo
09/01/2022,Brighton,Wolves,1,0,H,7,3,synthetic_demo
10/01/2022,Fulham,Leeds,1,0,H,3,3,synthetic_demo
10/01/2022,Brighton,Everton,2,1,H,8,1,synthetic_demo
11/01/2022,Fulham,Wolves,1,0,H,2,1,synthetic_demo
12/01/2022,Wolves,Tottenham,0,1,A,1,6,synthetic_demo
12/01/2022,Liverpool,Brentford,4,0,H,6,1,synthetic_demo
13/01/2022,Aston Villa,Sunderland,1,1,D,3,6,synthetic_demo
14/01/2022,Brighton,Brentford,1,0,H,6,1,synthetic_demo
14/01/2022,Chelsea,Brentford,1,3,A,2,5,synthetic_demo
15/01/2022,Man City,Newcastle,1,1,D,9,1,synthetic_demo
16/01/2022,Fulham,Arsenal,0,1,A,4,3,synthetic_demo
17/01/2022,Tottenham,West Ham,3,1,H,4,1,synthetic_demo
17/01/2022,West Ham,Sunderland,1,0,H,5,3,synthetic_demo
18/01/2022,Fulham,Newcastle,1,1,D,3,4,synthetic_demo
19/01/2022,Everton,West Ham,0,3,A,5,6,synthetic_demo
19/01/2022,Brentford,Bournemouth,2,2,D,5,8,synthetic_demo
20/01/2022,Wolves,Sunderland,1,1,D,2,2,synthetic_demo
21/01/2022,Fulham,Sunderland,2,2,D,5,3,synthetic_demo
22/01/2022,Crystal Palace,Tottenham,3,1,H,5,2,synthetic_demo
22/01/2022,Man United,Liverpool,1,0,H,2,7,synthetic_demo
23/01/2022,Everton,Arsenal,0,0,D,4,3,synthetic_demo
24/01/2022,Brighton,Tottenham,1,2,A,6,9,synthetic_demo
24/01/2022,Man City,Brentford,5,0,H,7,4,synthetic_demo
25/01/2022,Tottenham,Brentford,3,1,H,9,8,synthetic_demo
26/01/2022,Nott'm Forest,Tottenham,2,1,H,5,4,synthetic_demo
27/01/2022,Liverpool,Crystal Palace,0,1,A,4,5,synthetic_demo
27/01/2022,Brentford,Chelsea,1,2,A,6,10,synthetic_demo
28/01/2022,Liverpool,Brighton,5,1,H,10,3,synthetic_demo
29/01/2022,Burnley,Tottenham,1,3,A,5,5,synthetic_demo
29/01/2022,Bournemouth,Wolves,5,0,H,8,1,synthetic_demo
30/01/2022,Nott'm Forest,Everton,0,0,D,6,1,synthetic_demo
31/01/2022,Aston Villa,Man City,2,2,D,7,6,synthetic_demo
01/02/2022,Bournemouth,Aston Villa,1,2,A,1,4,synthetic_demo
01/02/2022,Crystal Palace,Nott'm Forest,2,0,H,5,2,synthetic_demo
02/02/2022,Newcastle,Liverpool,0,2,A,5,4,synthetic_demo
03/02/2022,West Ham,Tottenham,1,1,D,6,2,synthetic_demo
03/02/2022,Aston Villa,Brighton,0,1,A,1,5,synthetic_demo
04/02/2022,Man City,Aston Villa,1,1,D,3,1,synthetic_demo
05/02/2022,Sunderland,Leeds,2,2,D,3,11,synthetic_demo
06/02/2022,Man City,Brighton,4,1,H,14,6,synthetic_demo
06/02/2022,Nott'm Forest,Man City,0,2,A,4,5,synthetic_demo
07/02/2022,Nott'm Forest,Brighton,1,0,H,5,1,synthetic_demo
08/02/2022,Bournemouth,Chelsea,0,2,A,9,7,synthetic_demo
08/02/2022,West Ham,Burnley,3,0,H,6,2,synthetic_demo
09/02/2022,Arsenal,Nott'm Forest,3,0,H,5,0,synthetic_demo
10/02/2022,Wolves,Burnley,0,3,A,2,3,synthetic_demo
10/02/2022,Burnley,Chelsea,1,1,D,6,6,synthetic_demo
11/02/2022,Newcastle,Aston Villa,2,1,H,4,8,synthetic_demo
12/02/2022,Arsenal,Crystal Palace,2,0,H,6,4,synthetic_demo
13/02/2022,Chelsea,Crystal Palace,1,1,D,6,3,synthetic_demo
13/02/2022,Newcastle,Crystal Palace,0,2,A,1,8,synthetic_demo
14/02/2022,Brighton,Newcastle,3,0,H,8,2,synthetic_demo
15/02/2022,Everton,Liverpool,0,3,A,7,7,synthetic_demo
15/02/2022,Newcastle,Sunderland,2,1,H,7,5,synthetic_demo
16/02/2022,Everton,Burnley,1,0,H,3,0,synthetic_demo
17/02/2022,Crystal Palace,Man City,0,0,D,3,3,synthetic_demo
18/02/2022,Chelsea,Man City,3,3,D,5,6,synthetic_demo
18/02/2022,Liverpool,Arsenal,1,1,D,5,2,synthetic_demo
19/02/2022,Burnley,Brighton,0,2,A,2,3,synthetic_demo
20/02/2022,Wolves,Fulham,0,4,A,1,5,synthetic_demo
20/02/2022,West Ham,Arsenal,0,1,A,3,4,synthetic_demo
21/02/2022,Chelsea,Fulham,0,0,D,4,3,synthetic_demo
22/02/2022,Nott'm Forest,Aston Villa,0,1,A,5,6,synthetic_demo
23/02/2022,Leeds,West Ham,1,1,D,6,4,synthetic_demo
23/02/2022,Crystal Palace,Burnley,1,3,A,6,7,synthetic_demo
24/02/2022,West Ham,Man City,0,1,A,4,3,synthetic_demo
25/02/2022,Fulham,Chelsea,1,1,D,4,6,synthetic_demo
25/02/2022,Man United,Man City,0,0,D,3,6,synthetic_demo
26/02/2022,West Ham,Wolves,1,1,D,8,5,synthetic_demo
27/02/2022,Brentford,Sunderland,4,1,H,10,3,synthetic_demo
28/02/2022,Nott'm Forest,Newcastle,2,2,D,2,5,synthetic_demo
28/02/2022,Crystal Palace,Everton,2,0,H,6,2,synthetic_demo
01/03/2022,Brighton,Crystal Palace,0,1,A,4,7,synthetic_demo
02/03/2022,Sunderland,Liverpool,2,4,A,6,5,synthetic_demo
02/03/2022,Brentford,Burnley,1,1,D,4,3,synthetic_demo
03/03/2022,Liverpool,Everton,2,1,H,4,4,synthetic_demo
04/03/2022,Fulham,Liverpool,1,1,D,4,2,synthetic_demo
05/03/2022,Nott'm Forest,West Ham,1,0,H,5,1,synthetic_demo
05/03/2022,West Ham,Aston Villa,2,0,H,8,4,synthetic_demo
06/03/2022,West Ham,Nott'm Forest,0,1,A,1,3,synthetic_demo
07/03/2022,Everton,Newcastle,0,2,A,6,10,synthetic_demo
07/03/2022,Brighton,Leeds,2,1,H,4,4,synthetic_demo
08/03/2022,Arsenal,Man City,2,0,H,5,7,synthetic_demo
09/03/2022,Everton,Man United,0,0,D,6,1,synthetic_demo
09/03/2022,Tottenham,Fulham,4,2,H,5,3,synthetic_demo
10/03/2022,Man City,Sunderland,3,1,H,6,1,synthetic_demo
11/03/2022,Brentford,Newcastle,2,0,H,8,2,synthetic_demo
12/03/2022,Tottenham,Aston Villa,1,3,A,7,5,synthetic_demo
12/03/2022,Arsenal,Bournemouth,0,0,D,3,3,synthetic_demo
13/03/2022,Bournemouth,Fulham,1,1,D,5,4,synthetic_demo
14/03/2022,Everton,Wolves,3,1,H,8,5,synthetic_demo
14/03/2022,Arsenal,Wolves,1,0,H,3,3,synthetic_demo
15/03/2022,Man United,Wolves,0,1,A,2,3,synthetic_demo
16/03/2022,Sunderland,Crystal Palace,0,0,D,0,5,synthetic_demo
17/03/2022,Sunderland,Everton,1,0,H,2,3,synthetic_demo
17/03/2022,Brighton,Man City,1,2,A,7,5,synthetic_demo
18/03/2022,Burnley,Everton,1,1,D,2,5,synthetic_demo
19/03/2022,Nott'm Forest,Crystal Palace,1,1,D,6,4,synthetic_demo
19/03/2022,Burnley,Arsenal,1,1,D,4,5,synthetic_demo
20/03/2022,Liverpool,Leeds,1,0,H,5,2,synthetic_demo
21/03/2022,Aston Villa,Nott'm Forest,3,0,H,7,1,synthetic_demo
22/03/2022,Fulham,Nott'm Forest,4,1,H,9,3,synthetic_demo
22/03/2022,Tottenham,Leeds,0,0,D,1,3,synthetic_demo
23/03/2022,Crystal Palace,Newcastle,1,1,D,3,6,synthetic_demo
24/03/2022,Fulham,Crystal Palace,2,0,H,6,4,synthetic_demo
24/03/2022,Man United,Brighton,2,1,H,4,10,synthetic_demo
25/03/2022,Chelsea,Aston Villa,2,0,H,6,7,synthetic_demo
26/03/2022,Bournemouth,Leeds,0,2,A,3,4,synthetic_demo
27/03/2022,Nott'm Forest,Man United,1,3,A,4,5,synthetic_demo
27/03/2022,Man City,Wolves,1,1,D,4,2,synthetic_demo
28/03/2022,Man United,Fulham,1,0,H,5,3,synthetic_demo
29/03/2022,Brentford,Everton,3,1,H,6,5,synthetic_demo
29/03/2022,Liverpool,Chelsea,1,0,H,2,2,synthetic_demo
30/03/2022,Aston Villa,Crystal Palace,0,0,D,4,3,synthetic_demo
31/03/2022,West Ham,Brighton,3,2,H,9,4,synthetic_demo
01/04/2022,Arsenal,Tottenham,1,1,D,7,4,synthetic_demo
01/04/2022,Man City,Fulham,2,1,H,7,6,synthetic_demo
02/04/2022,Crystal Palace,West Ham,0,0,D,2,2,synthetic_demo
03/04/2022,Leeds,Man United,0,1,A,2,6,synthetic_demo
03/04/2022,Aston Villa,Arsenal,1,2,A,6,6,synthetic_demo
04/04/2022,Wolves,Chelsea,1,0,H,2,5,synthetic_demo
05/04/2022,Arsenal,West Ham,4,1,H,5,4,synthetic_demo
05/04/2022,Wolves,Crystal Palace,3,0,H,3,5,synthetic_demo
06/04/2022,Tottenham,Bournemouth,2,2,D,2,5,synthetic_demo
07/04/2022,Crystal Palace,Wolves,1,2,A,3,7,synthetic_demo
08/04/2022,Crystal Palace,Arsenal,0,1,A,0,2,synthetic_demo
08/04/2022,Aston Villa,West Ham,2,1,H,5,5,synthetic_demo
09/04/2022,West Ham,Chelsea,0,2,A,0,6,synthetic_demo
10/04/2022,Leeds,Fulham,1,0,H,4,4,synthetic_demo
10/04/2022,Aston Villa,Wolves,1,0,H,4,3,synthetic_demo
11/04/2022,Wolves,Leeds,3,0,H,6,4,synthetic_demo
12/04/2022,Sunderland,Wolves,1,3,A,3,4,synthetic_demo
13/04/2022,Bournemouth,Sunderland,2,3,A,4,6,synthetic_demo
13/04/2022,Arsenal,Everton,1,1,D,6,4,synthetic_demo
14/04/2022,Crystal Palace,Liverpool,1,3,A,6,6,synthetic_demo
15/04/2022,Nott'm Forest,Sunderland,2,1,H,4,2,synthetic_demo
15/04/2022,Leeds,Nott'm Forest,1,0,H,3,4,synthetic_demo
16/04/2022,Sunderland,Nott'm Forest,0,3,A,1,6,synthetic_demo
17/04/2022,Bournemouth,Everton,1,0,H,5,2,synthetic_demo
18/04/2022,Tottenham,Nott'm Forest,1,2,A,2,6,synthetic_demo
18/04/2022,Aston Villa,Chelsea,1,1,D,5,8,synthetic_demo
19/04/2022,Crystal Palace,Chelsea,1,0,H,3,3,synthetic_demo
20/04/2022,Man United,Nott'm Forest,2,0,H,6,3,synthetic_demo
20/04/2022,Sunderland,Fulham,1,0,H,5,1,synthetic_demo
21/04/2022,Leeds,Everton,0,0,D,3,2,synthetic_demo
22/04/2022,Everton,Leeds,1,1,D,4,3,synthetic_demo
23/04/2022,Newcastle,Bournemouth,2,1,H,8,8,synthetic_demo
23/04/2022,Arsenal,Sunderland,1,2,A,5,5,synthetic_demo
24/04/2022,Leeds,Tottenham,3,2,H,6,6,synthetic_demo
25/04/2022,Chelsea,Arsenal,0,0,D,3,1,synthetic_demo
25/04/2022,Aston Villa,Burnley,3,1,H,9,3,synthetic_demo
26/04/2022,Chelsea,Wolves,0,0,D,5,4,synthetic_demo
27/04/2022,Leeds,Man City,0,2,A,1,3,synthetic_demo
01/08/2022,Man City,Newcastle,1,1,D,6,6,synthetic_demo
01/08/2022,Sunderland,Brighton,0,2,A,3,3,synthetic_demo
02/08/2022,Crystal Palace,Brighton,1,0,H,3,3,synthetic_demo
03/08/2022,Liverpool,Aston Villa,1,1,D,4,3,synthetic_demo
03/08/2022,Liverpool,Burnley,0,0,D,6,2,synthetic_demo
04/08/2022,Man United,Crystal Palace,2,1,H,2,2,synthetic_demo
05/08/2022,Liverpool,Fulham,1,2,A,5,5,synthetic_demo
05/08/2022,Man United,Brentford,1,0,H,4,4,synthetic_demo
06/08/2022,Tottenham,Leeds,1,1,D,6,3,synthetic_demo
07/08/2022,Chelsea,Brentford,3,1,H,8,3,synthetic_demo
08/08/2022,Leeds,Bournemouth,1,1,D,3,2,synthetic_demo
08/08/2022,Arsenal,Leeds,3,0,H,5,3,synthetic_demo
09/08/2022,Nott'm Forest,Man City,4,1,H,10,4,synthetic_demo
10/08/2022,Man City,Tottenham,3,1,H,8,2,synthetic_demo
10/08/2022,Brighton,Everton,2,1,H,7,2,synthetic_demo
11/08/2022,Everton,Leeds,1,1,D,4,3,synthetic_demo
12/08/2022,Brentford,West Ham,1,0,H,4,4,synthetic_demo
13/08/2022,Man United,Fulham,1,1,D,5,3,synthetic_demo
13/08/2022,Tottenham,Man City,2,2,D,4,9,synthetic_demo
14/08/2022,Everton,Nott'm Forest,2,0,H,7,2,synthetic_demo
15/08/2022,Everton,Wolves,0,0,D,3,4,synthetic_demo
15/08/2022,Brighton,Arsenal,2,1,H,4,4,synthetic_demo
16/08/2022,Brighton,West Ham,4,0,H,7,2,synthetic_demo
17/08/2022,Brentford,Man City,0,4,A,6,14,synthetic_demo
18/08/2022,Sunderland,Everton,0,3,A,3,5,synthetic_demo
18/08/2022,Chelsea,Liverpool,0,0,D,5,6,synthetic_demo
19/08/2022,Crystal Palace,Liverpool,1,0,H,4,10,synthetic_demo
20/08/2022,Arsenal,Aston Villa,1,0,H,9,5,synthetic_demo
20/08/2022,Man City,Burnley,2,1,H,6,5,synthetic_demo
21/08/2022,Burnley,Liverpool,0,0,D,4,4,synthetic_demo
22/08/2022,Leeds,Arsenal,2,0,H,4,5,synthetic_demo
23/08/2022,Nott'm Forest,Bournemouth,3,0,H,4,3,synthetic_demo
23/08/2022,Everton,Burnley,1,2,A,4,4,synthetic_demo
24/08/2022,Fulham,Newcastle,0,0,D,3,3,synthetic_demo
25/08/2022,Bournemouth,Tottenham,3,0,H,5,4,synthetic_demo
25/08/2022,Brighton,Man City,1,2,A,2,8,synthetic_demo
26/08/2022,Tottenham,Brentford,0,1,A,3,6,synthetic_demo
27/08/2022,Bournemouth,Newcastle,1,1,D,4,4,synthetic_demo
28/08/2022,Wolves,Everton,0,1,A,5,2,synthetic_demo
28/08/2022,West Ham,Brighton,0,0,D,4,1,synthetic_demo
29/08/2022,Wolves,Liverpool,1,1,D,3,4,synthetic_demo
30/08/2022,Sunderland,Brentford,0,1,A,3,6,synthetic_demo
30/08/2022,Man City,Crystal Palace,0,1,A,5,4,synthetic_demo
31/08/2022,Sunderland,Aston Villa,3,1,H,7,3,synthetic_demo
01/09/2022,Leeds,West Ham,2,4,A,4,10,synthetic_demo
01/09/2022,Brentford,Arsenal,3,0,H,6,1,synthetic_demo
02/09/2022,Liverpool,Everton,4,0,H,5,5,synthetic_demo
03/09/2022,Bournemouth,Brighton,0,1,A,3,1,synthetic_demo
04/09/2022,Bournemouth,Man City,0,4,A,2,8,synthetic_demo
04/09/2022,Aston Villa,Bournemouth,1,0,H,5,2,synthetic_demo
05/09/2022,Chelsea,Man City,0,1,A,3,3,synthetic_demo
06/09/2022,Wolves,West Ham,0,3,A,1,5,synthetic_demo
06/09/2022,Arsenal,Brentford,1,1,D,6,4,synthetic_demo
07/09/2022,Chelsea,Brighton,2,1,H,3,3,synthetic_demo
08/09/2022,Tottenham,Man United,1,0,H,3,3,synthetic_demo
09/09/2022,Everton,Fulham,0,1,A,2,2,synthetic_demo
09/09/2022,Nott'm Forest,Everton,3,0,H,9,1,synthetic_demo
10/09/2022,Arsenal,Everton,0,0,D,8,4,synthetic_demo
11/09/2022,Burnley,Everton,1,2,A,3,5,synthetic_demo
11/09/2022,Crystal Palace,Sunderland,2,1,H,4,2,synthetic_demo
12/09/2022,Brighton,Liverpool,1,0,H,6,3,synthetic_demo
13/09/2022,Brentford,Crystal Palace,0,1,A,4,4,synthetic_demo
14/09/2022,Crystal Palace,West Ham,1,1,D,3,5,synthetic_demo
14/09/2022,Brentford,Liverpool,1,1,D,6,3,synthetic_demo
15/09/2022,Liverpool,Newcastle,0,3,A,7,6,synthetic_demo
16/09/2022,Leeds,Man City,0,3,A,1,4,synthetic_demo
16/09/2022,Man City,Bournemouth,1,0,H,3,2,synthetic_demo
17/09/2022,Burnley,West Ham,1,1,D,7,7,synthetic_demo
18/09/2022,Everton,Bournemouth,2,1,H,4,5,synthetic_demo
19/09/2022,Brentford,Bournemouth,2,1,H,6,3,synthetic_demo
19/09/2022,Sunderland,West Ham,1,2,A,4,6,synthetic_demo
20/09/2022,Tottenham,Newcastle,0,4,A,8,7,synthetic_demo
21/09/2022,West Ham,Crystal Palace,2,1,H,5,4,synthetic_demo
21/09/2022,West Ham,Sunderland,1,2,A,4,7,synthetic_demo
22/09/2022,Newcastle,Liverpool,1,0,H,4,4,synthetic_demo
23/09/2022,Tottenham,West Ham,0,2,A,1,6,synthetic_demo
24/09/2022,Wolves,Brentford,1,0,H,5,4,synthetic_demo
24/09/2022,Newcastle,Aston Villa,3,0,H,5,2,synthetic_demo
25/09/2022,Nott'm Forest,Tottenham,0,2,A,4,6,synthetic_demo
26/09/2022,West Ham,Newcastle,2,1,H,4,7,synthetic_demo
26/09/2022,Tottenham,Arsenal,2,2,D,9,4,synthetic_demo
27/09/2022,Fulham,Man City,0,2,A,6,8,synthetic_demo
28/09/2022,Arsenal,Sunderland,2,2,D,7,5,synthetic_demo
28/09/2022,Crystal Palace,Tottenham,0,1,A,4,3,synthetic_demo
29/09/2022,Burnley,Newcastle,0,2,A,0,4,synthetic_demo
30/09/2022,Liverpool,Wolves,2,0,H,4,5,synthetic_demo
01/10/2022,Wolves,Man City,0,1,A,4,3,synthetic_demo
01/10/2022,Newcastle,Sunderland,2,1,H,4,6,synthetic_demo
02/10/2022,Brentford,Aston Villa,3,1,H,11,3,synthetic_demo
03/10/2022,Man United,Wolves,3,1,H,7,2,synthetic_demo
03/10/2022,Everton,Brentford,0,0,D,1,3,synthetic_demo
04/10/2022,West Ham,Burnley,0,0,D,3,2,synthetic_demo
05/10/2022,Chelsea,Sunderland,2,1,H,2,2,synthetic_demo
06/10/2022,West Ham,Wolves,3,2,H,7,5,synthetic_demo
06/10/2022,Man United,Burnley,1,0,H,3,0,synthetic_demo
07/10/2022,Leeds,Everton,2,3,A,7,6,synthetic_demo
08/10/2022,Aston Villa,Everton,3,1,H,7,3,synthetic_demo
08/10/2022,Everton,West Ham,3,1,H,8,2,synthetic_demo
09/10/2022,Aston Villa,Chelsea,2,1,H,7,4,synthetic_demo
10/10/2022,Nott'm Forest,Man United,1,0,H,8,3,synthetic_demo
11/10/2022,Liverpool,Tottenham,0,0,D,2,6,synthetic_demo
11/10/2022,Fulham,Burnley,1,2,A,3,2,synthetic_demo
12/10/2022,Everton,Liverpool,0,0,D,4,4,synthetic_demo
13/10/2022,Nott'm Forest,Liverpool,2,1,H,8,7,synthetic_demo
13/10/2022,Aston Villa,Wolves,1,1,D,5,7,synthetic_demo
14/10/2022,Crystal Palace,Burnley,2,1,H,5,4,synthetic_demo
15/10/2022,Fulham,Leeds,4,1,H,6,3,synthetic_demo
16/10/2022,Sunderland,Man United,0,0,D,4,2,synthetic_demo
16/10/2022,Sunderland,Liverpool,2,2,D,5,10,synthetic_demo
17/10/2022,Bournemouth,Aston Villa,0,1,A,5,3,synthetic_demo
18/10/2022,Wolves,Nott'm Forest,0,0,D,2,3,synthetic_demo
18/10/2022,Brentford,Burnley,0,1,A,4,2,synthetic_demo
19/10/2022,Nott'm Forest,Crystal Palace,1,0,H,3,6,synthetic_demo
20/10/2022,Brentford,Sunderland,1,0,H,2,2,synthetic_demo
21/10/2022,Chelsea,Wolves,3,1,H,12,5,synthetic_demo
21/10/2022,Nott'm Forest,Sunderland,3,1,H,6,5,synthetic_demo
22/10/2022,Fulham,Brentford,3,0,H,7,8,synthetic_demo
23/10/2022,Crystal Palace,Nott'm Forest,2,0,H,6,2,synthetic_demo
23/10/2022,Brentford,Fulham,2,1,H,6,1,synthetic_demo
24/10/2022,Brentford,Wolves,1,4,A,5,4,synthetic_demo
25/10/2022,Brentford,Brighton,0,0,D,6,9,synthetic_demo
25/10/2022,Nott'm Forest,Arsenal,0,1,A,1,5,synthetic_demo
26/10/2022,Newcastle,Arsenal,0,3,A,3,6,synthetic_demo
27/10/2022,Chelsea,Nott'm Forest,1,0,H,3,5,synthetic_demo
28/10/2022,Everton,Brighton,0,3,A,3,5,synthetic_demo
28/10/2022,Man City,Aston Villa,2,1,H,3,2,synthetic_demo
29/10/2022,Brighton,Man United,2,2,D,5,6,synthetic_demo
30/10/2022,Aston Villa,Crystal Palace,4,2,H,6,7,synthetic_demo
30/10/2022,Everton,Crystal Palace,1,0,H,1,3,synthetic_demo
31/10/2022,Sunderland,Bournemouth,0,0,D,3,6,synthetic_demo
01/11/2022,Newcastle,Nott'm Forest,1,1,D,1,6,synthetic_demo
02/11/2022,Aston Villa,Brighton,2,1,H,5,3,synthetic_demo
02/11/2022,Liverpool,West Ham,3,2,H,14,4,synthetic_demo
03/11/2022,Nott'm Forest,Newcastle,3,1,H,4,6,synthetic_demo
04/11/2022,Burnley,Nott'm Forest,0,3,A,3,5,synthetic_demo
04/11/2022,Leeds,Liverpool,0,2,A,4,7,synthetic_demo
05/11/2022,Sunderland,Arsenal,2,1,H,4,5,synthetic_demo
06/11/2022,Tottenham,Crystal Palace,2,0,H,4,2,synthetic_demo
07/11/2022,Wolves,Fulham,0,1,A,3,5,synthetic_demo
07/11/2022,Liverpool,Man City,2,0,H,10,4,synthetic_demo
08/11/2022,Leeds,Tottenham,2,0,H,5,1,synthetic_demo
09/11/2022,Sunderland,Burnley,1,1,D,3,4,synthetic_demo
09/11/2022,Wolves,Tottenham,2,1,H,3,6,synthetic_demo
10/11/2022,Everton,Man United,1,1,D,4,7,synthetic_demo
11/11/2022,Newcastle,Man United,1,1,D,4,3,synthetic_demo
12/11/2022,West Ham,Fulham,3,0,H,3,5,synthetic_demo
12/11/2022,Wolves,Chelsea,0,1,A,5,5,synthetic_demo
13/11/2022,Newcastle,Burnley,1,0,H,4,1,synthetic_demo
14/11/2022,Arsenal,Newcastle,0,2,A,3,7,synthetic_demo
14/11/2022,Man United,Arsenal,0,0,D,8,3,synthetic_demo
15/11/2022,Burnley,Wolves,1,1,D,3,2,synthetic_demo
16/11/2022,Man United,Everton,1,0,H,6,4,synthetic_demo
17/11/2022,Arsenal,Man United,2,2,D,5,7,synthetic_demo
17/11/2022,Tottenham,Bournemouth,0,0,D,2,3,synthetic_demo
18/11/2022,Newcastle,Crystal Palace,4,0,H,4,1,synthetic_demo
19/11/2022,Tottenham,Brighton,1,4,A,3,7,synthetic_demo
19/11/2022,Everton,Aston Villa,1,3,A,4,4,synthetic_demo
20/11/2022,West Ham,Nott'm Forest,2,0,H,5,3,synthetic_demo
21/11/2022,Crystal Palace,Chelsea,1,0,H,7,2,synthetic_demo
21/11/2022,Man United,Sunderland,0,0,D,6,2,synthetic_demo
22/11/2022,Chelsea,Arsenal,2,1,H,9,7,synthetic_demo
23/11/2022,Nott'm Forest,Chelsea,0,1,A,1,5,synthetic_demo
24/11/2022,Tottenham,Everton,0,0,D,1,4,synthetic_demo
24/11/2022,Wolves,Brighton,0,2,A,4,3,synthetic_demo
25/11/2022,Crystal Palace,Arsenal,2,0,H,9,2,synthetic_demo
26/11/2022,Nott'm Forest,Aston Villa,1,5,A,2,7,synthetic_demo
26/11/2022,Crystal Palace,Bournemouth,0,0,D,2,3,synthetic_demo
27/11/2022,Leeds,Chelsea,2,3,A,6,11,synthetic_demo
28/11/2022,Nott'm Forest,Leeds,2,2,D,8,4,synthetic_demo
29/11/2022,Newcastle,Brighton,1,2,A,6,2,synthetic_demo
29/11/2022,Leeds,Man United,2,1,H,6,2,synthetic_demo
30/11/2022,West Ham,Man City,0,2,A,1,6,synthetic_demo
01/12/2022,Man United,Aston Villa,1,3,A,7,7,synthetic_demo
01/12/2022,Arsenal,Tottenham,7,2,H,9,4,synthetic_demo
02/12/2022,Crystal Palace,Man United,0,1,A,3,5,synthetic_demo
03/12/2022,Sunderland,Fulham,0,1,A,4,2,synthetic_demo
04/12/2022,Wolves,Leeds,3,0,H,4,3,synthetic_demo
04/12/2022,Brighton,Fulham,1,0,H,4,4,synthetic_demo
05/12/2022,Bournemouth,Nott'm Forest,1,2,A,6,8,synthetic_demo
06/12/2022,Crystal Palace,Man City,0,1,A,3,2,synthetic_demo
06/12/2022,Man United,Leeds,3,0,H,4,3,synthetic_demo
07/12/2022,Newcastle,Man City,1,2,A,7,5,synthetic_demo
08/12/2022,Sunderland,Crystal Palace,1,1,D,4,4,synthetic_demo
09/12/2022,West Ham,Brentford,2,1,H,5,6,synthetic_demo
09/12/2022,Liverpool,Bournemouth,2,0,H,7,3,synthetic_demo
10/12/2022,Arsenal,Liverpool,1,0,H,6,2,synthetic_demo
11/12/2022,Burnley,Bournemouth,1,0,H,6,2,synthetic_demo
11/12/2022,Brentford,Man United,3,0,H,6,3,synthetic_demo
12/12/2022,Fulham,Nott'm Forest,0,0,D,2,5,synthetic_demo
13/12/2022,Brentford,Everton,1,0,H,3,4,synthetic_demo
14/12/2022,Liverpool,Brentford,0,0,D,4,5,synthetic_demo
14/12/2022,Aston Villa,Nott'm Forest,3,1,H,8,6,synthetic_demo
15/12/2022,Burnley,Brighton,1,0,H,2,3,synthetic_demo
16/12/2022,Aston Villa,Man United,0,1,A,2,3,synthetic_demo
16/12/2022,Aston Villa,Sunderland,3,1,H,8,4,synthetic_demo
17/12/2022,Crystal Palace,Leeds,0,1,A,3,4,synthetic_demo
18/12/2022,Liverpool,Arsenal,0,1,A,1,12,synthetic_demo
18/12/2022,Wolves,Bournemouth,5,0,H,6,1,synthetic_demo
19/12/2022,Tottenham,Chelsea,1,3,A,1,12,synthetic_demo
20/12/2022,Leeds,Brentford,0,0,D,4,3,synthetic_demo
21/12/2022,Leeds,Brighton,1,3,A,4,6,synthetic_demo
21/12/2022,West Ham,Liverpool,1,2,A,7,11,synthetic_demo
22/12/2022,Chelsea,Leeds,1,2,A,3,5,synthetic_demo
23/12/2022,Arsenal,Wolves,3,0,H,7,2,synthetic_demo
23/12/2022,Chelsea,Fulham,1,1,D,2,3,synthetic_demo
24/12/2022,Bournemouth,Leeds,1,1,D,3,4,synthetic_demo
25/12/2022,Tottenham,Liverpool,0,3,A,3,9,synthetic_demo
26/12/2022,Nott'm Forest,Fulham,1,1,D,7,5,synthetic_demo
26/12/2022,West Ham,Everton,2,0,H,5,1,synthetic_demo
27/12/2022,Fulham,Everton,1,1,D,7,4,synthetic_demo
28/12/2022,Chelsea,Newcastle,0,1,A,6,4,synthetic_demo
28/12/2022,Liverpool,Nott'm Forest,2,0,H,5,5,synthetic_demo
29/12/2022,Everton,Chelsea,1,3,A,3,3,synthetic_demo
30/12/2022,Wolves,Arsenal,1,1,D,3,8,synthetic_demo
31/12/2022,Arsenal,Nott'm Forest,3,0,H,7,4,synthetic_demo
31/12/2022,Fulham,Man United,0,3,A,4,8,synthetic_demo
01/01/2023,Fulham,Crystal Palace,0,1,A,3,4,synthetic_demo
02/01/2023,Everton,Arsenal,2,0,H,9,4,synthetic_demo
02/01/2023,Liverpool,Man United,1,2,A,5,5,synthetic_demo
03/01/2023,Wolves,Newcastle,0,3,A,4,6,synthetic_demo
04/01/2023,Brighton,Burnley,2,2,D,5,3,synthetic_demo
05/01/2023,Sunderland,Man City,3,1,H,4,8,synthetic_demo
05/01/2023,Brentford,Newcastle,1,1,D,4,5,synthetic_demo
06/01/2023,Fulham,Chelsea,2,0,H,2,4,synthetic_demo
07/01/2023,Burnley,Sunderland,3,1,H,6,3,synthetic_demo
07/01/2023,Leeds,Newcastle,1,0,H,3,6,synthetic_demo
08/01/2023,Tottenham,Aston Villa,2,0,H,6,5,synthetic_demo
09/01/2023,Everton,Tottenham,1,3,A,6,9,synthetic_demo
10/01/2023,Man United,Chelsea,0,3,A,1,9,synthetic_demo
10/01/2023,Fulham,Brighton,2,0,H,9,3,synthetic_demo
11/01/2023,Man United,Nott'm Forest,1,1,D,4,3,synthetic_demo
12/01/2023,Aston Villa,Leeds,0,3,A,7,6,synthetic_demo
12/01/2023,Newcastle,Everton,1,0,H,4,1,synthetic_demo
13/01/2023,Bournemouth,Brentford,0,3,A,3,7,synthetic_demo
14/01/2023,Newcastle,Bournemouth,1,2,A,1,5,synthetic_demo
14/01/2023,Man United,Brighton,1,0,H,7,4,synthetic_demo
15/01/2023,Newcastle,Chelsea,1,2,A,7,6,synthetic_demo
16/01/2023,Bournemouth,Crystal Palace,1,0,H,2,4,synthetic_demo
17/01/2023,Brighton,Chelsea,2,3,A,6,7,synthetic_demo
17/01/2023,Fulham,Liverpool,1,3,A,7,6,synthetic_demo
18/01/2023,Everton,Man City,0,1,A,2,5,synthetic_demo
19/01/2023,Newcastle,West Ham,2,2,D,5,6,synthetic_demo
19/01/2023,West Ham,Arsenal,1,0,H,4,4,synthetic_demo
20/01/2023,Burnley,Aston Villa,3,1,H,3,6,synthetic_demo
21/01/2023,Man City,Fulham,0,1,A,4,3,synthetic_demo
22/01/2023,West Ham,Man United,1,1,D,4,4,synthetic_demo
22/01/2023,Burnley,Chelsea,0,0,D,3,3,synthetic_demo
23/01/2023,Bournemouth,Liverpool,1,3,A,4,9,synthetic_demo
24/01/2023,Man City,Man United,2,0,H,4,3,synthetic_demo
24/01/2023,Sunderland,Tottenham,0,2,A,1,3,synthetic_demo
25/01/2023,Nott'm Forest,Brentford,1,0,H,3,0,synthetic_demo
26/01/2023,Man City,West Ham,0,0,D,4,0,synthetic_demo
27/01/2023,Arsenal,Fulham,1,1,D,9,3,synthetic_demo
27/01/2023,Man City,Nott'm Forest,2,0,H,6,3,synthetic_demo
28/01/2023,Burnley,Man City,0,5,A,3,7,synthetic_demo
29/01/2023,Brighton,Tottenham,0,1,A,3,4,synthetic_demo
29/01/2023,Man United,Newcastle,0,4,A,5,8,synthetic_demo
30/01/2023,Aston Villa,Man City,1,3,A,6,6,synthetic_demo
31/01/2023,Tottenham,Wolves,1,1,D,14,8,synthetic_demo
01/02/2023,Chelsea,Bournemouth,1,1,D,3,5,synthetic_demo
01/02/2023,Tottenham,Fulham,0,0,D,8,2,synthetic_demo
02/02/2023,Sunderland,Leeds,0,2,A,1,5,synthetic_demo
03/02/2023,Man United,West Ham,1,1,D,4,2,synthetic_demo
03/02/2023,Aston Villa,Fulham,2,0,H,6,2,synthetic_demo
04/02/2023,Bournemouth,Burnley,2,3,A,4,5,synthetic_demo
05/02/2023,Brighton,Aston Villa,0,2,A,5,6,synthetic_demo
06/02/2023,Wolves,Burnley,1,0,H,5,2,synthetic_demo
06/02/2023,Man United,Bournemouth,3,1,H,7,1,synthetic_demo
07/02/2023,Aston Villa,Burnley,2,0,H,6,2,synthetic_demo
08/02/2023,Chelsea,Tottenham,1,0,H,6,4,synthetic_demo
08/02/2023,Bournemouth,Chelsea,1,1,D,6,2,synthetic_demo
09/02/2023,Chelsea,Everton,0,2,A,6,3,synthetic_demo
10/02/2023,Fulham,Tottenham,2,0,H,8,3,synthetic_demo
10/02/2023,Arsenal,Man City,0,1,A,2,8,synthetic_demo
11/02/2023,Bournemouth,Sunderland,2,3,A,5,4,synthetic_demo
12/02/2023,Leeds,Burnley,3,0,H,6,1,synthetic_demo
13/02/2023,Brighton,Crystal Palace,1,0,H,2,3,synthetic_demo
13/02/2023,Aston Villa,Tottenham,5,1,H,12,4,synthetic_demo
14/02/2023,West Ham,Leeds,1,2,A,3,4,synthetic_demo
15/02/2023,Man United,Tottenham,0,0,D,0,1,synthetic_demo
15/02/2023,Brentford,Tottenham,2,2,D,4,6,synthetic_demo
16/02/2023,Aston Villa,Liverpool,1,3,A,6,7,synthetic_demo
17/02/2023,Burnley,Arsenal,2,5,A,5,8,synthetic_demo
18/02/2023,Chelsea,Man United,2,0,H,5,1,synthetic_demo
18/02/2023,Nott'm Forest,West Ham,1,1,D,2,6,synthetic_demo
19/02/2023,Everton,Newcastle,0,0,D,4,3,synthetic_demo
20/02/2023,Aston Villa,Arsenal,0,1,A,1,7,synthetic_demo
20/02/2023,Fulham,Sunderland,1,0,H,9,2,synthetic_demo
21/02/2023,Brighton,Leeds,0,1,A,2,4,synthetic_demo
22/02/2023,Tottenham,Sunderland,3,2,H,4,2,synthetic_demo
23/02/2023,Newcastle,Fulham,4,1,H,6,6,synthetic_demo
23/02/2023,Arsenal,Burnley,3,0,H,9,2,synthetic_demo
24/02/2023,Aston Villa,Brentford,1,2,A,6,6,synthetic_demo
25/02/2023,Crystal Palace,Fulham,2,1,H,6,4,synthetic_demo
25/02/2023,Burnley,Brentford,1,2,A,4,4,synthetic_demo
26/02/2023,West Ham,Aston Villa,1,2,A,2,4,synthetic_demo
27/02/2023,Sunderland,Chelsea,1,2,A,2,7,synthetic_demo
28/02/2023,Fulham,Aston Villa,1,1,D,5,3,synthetic_demo
28/02/2023,Brighton,Bournemouth,2,1,H,3,2,synthetic_demo
01/03/2023,West Ham,Bournemouth,1,2,A,4,2,synthetic_demo
02/03/2023,West Ham,Chelsea,1,2,A,3,7,synthetic_demo
02/03/2023,Newcastle,Brentford,3,0,H,8,4,synthetic_demo
03/03/2023,Burnley,Crystal Palace,3,1,H,4,5,synthetic_demo
04/03/2023,Bournemouth,Wolves,3,0,H,8,6,synthetic_demo
05/03/2023,Sunderland,Nott'm Forest,2,1,H,5,5,synthetic_demo
05/03/2023,Wolves,Man United,3,0,H,7,4,synthetic_demo
06/03/2023,Fulham,West Ham,2,1,H,7,4,synthetic_demo
07/03/2023,Fulham,Arsenal,1,2,A,5,6,synthetic_demo
07/03/2023,Sunderland,Wolves,0,0,D,2,3,synthetic_demo
08/03/2023,Chelsea,Burnley,0,0,D,3,4,synthetic_demo
09/03/2023,Nott'm Forest,Wolves,3,1,H,9,2,synthetic_demo
09/03/2023,Nott'm Forest,Brighton,0,1,A,4,5,synthetic_demo
10/03/2023,Leeds,Crystal Palace,1,0,H,5,1,synthetic_demo
11/03/2023,Brighton,Brentford,2,1,H,4,6,synthetic_demo
12/03/2023,Newcastle,Leeds,3,1,H,10,4,synthetic_demo
12/03/2023,Newcastle,Wolves,1,0,H,1,4,synthetic_demo
13/03/2023,Man City,Chelsea,0,0,D,5,3,synthetic_demo
14/03/2023,Arsenal,Chelsea,1,1,D,3,3,synthetic_demo
14/03/2023,Liverpool,Sunderland,4,1,H,9,2,synthetic_demo
15/03/2023,Man City,Arsenal,2,0,H,9,4,synthetic_demo
16/03/2023,Fulham,Bournemouth,1,0,H,7,3,synthetic_demo
17/03/2023,Bournemouth,Arsenal,3,1,H,3,6,synthetic_demo
17/03/2023,Bournemouth,West Ham,1,2,A,4,7,synthetic_demo
18/03/2023,Brentford,Leeds,0,1,A,4,10,synthetic_demo
19/03/2023,Nott'm Forest,Burnley,0,2,A,2,4,synthetic_demo
19/03/2023,Crystal Palace,Brentford,0,2,A,2,3,synthetic_demo
20/03/2023,Chelsea,West Ham,2,1,H,3,3,synthetic_demo
21/03/2023,Arsenal,Bournemouth,1,3,A,5,5,synthetic_demo
22/03/2023,Brentford,Nott'm Forest,1,2,A,5,7,synthetic_demo
22/03/2023,Bournemouth,Man United,0,1,A,3,9,synthetic_demo
23/03/2023,Chelsea,Aston Villa,3,1,H,6,2,synthetic_demo
24/03/2023,Leeds,Sunderland,1,1,D,4,6,synthetic_demo
24/03/2023,Man City,Wolves,0,1,A,4,4,synthetic_demo
25/03/2023,Burnley,Tottenham,0,1,A,1,2,synthetic_demo
26/03/2023,Man City,Brentford,1,0,H,3,5,synthetic_demo
27/03/2023,Arsenal,West Ham,0,0,D,4,2,synthetic_demo
27/03/2023,Brighton,Wolves,0,0,D,6,5,synthetic_demo
28/03/2023,Wolves,Sunderland,3,0,H,7,2,synthetic_demo
29/03/2023,Arsenal,Crystal Palace,3,0,H,6,1,synthetic_demo
29/03/2023,Sunderland,Newcastle,2,1,H,3,3,synthetic_demo
30/03/2023,Brighton,Newcastle,0,1,A,3,3,synthetic_demo
31/03/2023,Man City,Everton,2,0,H,5,4,synthetic_demo
01/04/2023,Brighton,Sunderland,3,2,H,8,7,synthetic_demo
01/04/2023,Aston Villa,West Ham,2,2,D,5,4,synthetic_demo
02/04/2023,Everton,Sunderland,2,0,H,4,2,synthetic_demo
03/04/2023,Brighton,Nott'm Forest,2,1,H,7,4,synthetic_demo
03/04/2023,Leeds,Wolves,1,2,A,7,5,synthetic_demo
04/04/2023,Liverpool,Chelsea,0,1,A,0,4,synthetic_demo
05/04/2023,Liverpool,Brighton,1,1,D,5,2,synthetic_demo
05/04/2023,Man United,Man City,0,5,A,3,8,synthetic_demo
06/04/2023,Wolves,Aston Villa,0,0,D,4,0,synthetic_demo
07/04/2023,Arsenal,Brighton,1,0,H,6,2,synthetic_demo
08/04/2023,Man City,Leeds,3,0,H,7,4,synthetic_demo
08/04/2023,Tottenham,Nott'm Forest,2,4,A,3,8,synthetic_demo
09/04/2023,Chelsea,Crystal Palace,3,0,H,4,3,synthetic_demo
10/04/2023,Crystal Palace,Wolves,4,1,H,9,5,synthetic_demo
10/04/2023,Wolves,Crystal Palace,2,2,D,3,7,synthetic_demo
11/04/2023,Brentford,Chelsea,2,0,H,5,3,synthetic_demo
12/04/2023,Liverpool,Leeds,4,0,H,9,1,synthetic_demo
13/04/2023,Man City,Sunderland,3,0,H,5,1,synthetic_demo
13/04/2023,Crystal Palace,Aston Villa,1,1,D,4,6,synthetic_demo
14/04/2023,Man United,Liverpool,0,0,D,3,1,synthetic_demo
15/04/2023,Leeds,Aston Villa,0,2,A,1,5,synthetic_demo
15/04/2023,West Ham,Tottenham,1,1,D,4,7,synthetic_demo
16/04/2023,Crystal Palace,Newcastle,1,0,H,4,4,synthetic_demo
17/04/2023,Leeds,Fulham,0,0,D,2,2,synthetic_demo
18/04/2023,Burnley,Leeds,1,0,H,3,5,synthetic_demo
18/04/2023,Newcastle,Tottenham,2,0,H,4,1,synthetic_demo
19/04/2023,Aston Villa,Newcastle,2,1,H,5,6,synthetic_demo
20/04/2023,Crystal Palace,Everton,0,0,D,4,2,synthetic_demo
20/04/2023,Burnley,Fulham,1,1,D,3,2,synthetic_demo
21/04/2023,Bournemouth,Fulham,1,4,A,5,7,synthetic_demo
22/04/2023,Fulham,Wolves,1,1,D,4,4,synthetic_demo
23/04/2023,Tottenham,Burnley,0,1,A,3,3,synthetic_demo
23/04/2023,Man City,Liverpool,0,3,A,4,9,synthetic_demo
24/04/2023,Liverpool,Crystal Palace,4,0,H,6,6,synthetic_demo
25/04/2023,Man City,Brighton,3,0,H,5,2,synthetic_demo
25/04/2023,Bournemouth,Everton,3,0,H,7,3,synthetic_demo
26/04/2023,Burnley,Man United,2,2,D,5,8,synthetic_demo
27/04/2023,Leeds,Nott'm Forest,2,1,H,5,3,synthetic_demo
01/08/2023,Sunderland,Leeds,0,1,A,4,6,synthetic_demo
01/08/2023,Sunderland,Everton,0,0,D,1,5,synthetic_demo
02/08/2023,Fulham,Bournemouth,1,1,D,11,2,synthetic_demo
03/08/2023,Arsenal,Brentford,1,1,D,7,7,synthetic_demo
03/08/2023,Newcastle,Brentford,1,1,D,3,3,synthetic_demo
04/08/2023,Sunderland,Liverpool,0,0,D,7,5,synthetic_demo
05/08/2023,Burnley,Bournemouth,1,2,A,6,3,synthetic_demo
05/08/2023,Bournemouth,Aston Villa,0,1,A,6,5,synthetic_demo
06/08/2023,West Ham,Brentford,0,2,A,0,5,synthetic_demo
07/08/2023,Man United,Liverpool,1,2,A,4,6,synthetic_demo
08/08/2023,Newcastle,Arsenal,0,4,A,5,6,synthetic_demo
08/08/2023,Nott'm Forest,Tottenham,2,0,H,6,2,synthetic_demo
09/08/2023,Man City,Brentford,2,0,H,5,4,synthetic_demo
10/08/2023,West Ham,Liverpool,1,0,H,4,4,synthetic_demo
10/08/2023,Newcastle,Wolves,1,1,D,5,6,synthetic_demo
11/08/2023,Newcastle,West Ham,3,0,H,7,0,synthetic_demo
12/08/2023,Liverpool,West Ham,0,2,A,5,5,synthetic_demo
13/08/2023,Everton,Man United,4,2,H,5,7,synthetic_demo
13/08/2023,Crystal Palace,Man City,1,0,H,3,2,synthetic_demo
14/08/2023,Liverpool,Burnley,1,3,A,8,7,synthetic_demo
15/08/2023,Everton,Crystal Palace,0,3,A,4,6,synthetic_demo
15/08/2023,Liverpool,Bournemouth,4,4,D,12,7,synthetic_demo
16/08/2023,Liverpool,Crystal Palace,3,2,H,9,5,synthetic_demo
17/08/2023,Tottenham,Everton,1,0,H,3,2,synthetic_demo
18/08/2023,Fulham,Nott'm Forest,3,0,H,10,5,synthetic_demo
18/08/2023,Leeds,West Ham,2,2,D,6,7,synthetic_demo
19/08/2023,Chelsea,Brentford,1,2,A,7,7,synthetic_demo
20/08/2023,Liverpool,Arsenal,1,2,A,3,7,synthetic_demo
20/08/2023,West Ham,Nott'm Forest,0,1,A,3,4,synthetic_demo
21/08/2023,Tottenham,Fulham,1,1,D,5,5,synthetic_demo
22/08/2023,Fulham,Brighton,0,1,A,6,3,synthetic_demo
23/08/2023,Man United,Brighton,1,1,D,4,5,synthetic_demo
23/08/2023,Brighton,Bournemouth,1,1,D,3,3,synthetic_demo
24/08/2023,Tottenham,Brighton,3,1,H,6,3,synthetic_demo
25/08/2023,Arsenal,Burnley,1,5,A,4,5,synthetic_demo
25/08/2023,Nott'm Forest,Leeds,0,1,A,1,3,synthetic_demo
26/08/2023,Crystal Palace,Chelsea,0,1,A,0,5,synthetic_demo
27/08/2023,Brighton,Sunderland,1,3,A,5,8,synthetic_demo
28/08/2023,Fulham,Liverpool,2,0,H,4,4,synthetic_demo
28/08/2023,Fulham,Crystal Palace,1,2,A,2,3,synthetic_demo
29/08/2023,Brentford,Man City,0,1,A,2,5,synthetic_demo
30/08/2023,West Ham,Everton,2,0,H,3,4,synthetic_demo
30/08/2023,Burnley,Fulham,1,1,D,3,3,synthetic_demo
31/08/2023,Chelsea,Burnley,1,2,A,6,6,synthetic_demo
01/09/2023,Newcastle,Fulham,1,1,D,4,2,synthetic_demo
01/09/2023,Everton,Leeds,1,0,H,5,2,synthetic_demo
02/09/2023,Brighton,Nott'm Forest,0,0,D,3,1,synthetic_demo
03/09/2023,Nott'm Forest,Aston Villa,0,0,D,2,2,synthetic_demo
04/09/2023,Liverpool,Sunderland,4,0,H,9,9,synthetic_demo
04/09/2023,Brentford,Chelsea,0,1,A,3,2,synthetic_demo
05/09/2023,Bournemouth,West Ham,0,1,A,3,4,synthetic_demo
06/09/2023,Crystal Palace,Sunderland,1,4,A,3,6,synthetic_demo
06/09/2023,Burnley,Liverpool,0,1,A,1,4,synthetic_demo
07/09/2023,Liverpool,Man City,2,1,H,4,4,synthetic_demo
08/09/2023,Sunderland,Chelsea,2,1,H,7,4,synthetic_demo
09/09/2023,Aston Villa,Burnley,0,1,A,3,3,synthetic_demo
09/09/2023,Man City,Nott'm Forest,1,1,D,6,6,synthetic_demo
10/09/2023,Brighton,Liverpool,1,0,H,6,1,synthetic_demo
11/09/2023,Wolves,Burnley,5,3,H,7,6,synthetic_demo
11/09/2023,Tottenham,Wolves,1,0,H,6,3,synthetic_demo
12/09/2023,Aston Villa,Tottenham,1,0,H,1,6,synthetic_demo
13/09/2023,Nott'm Forest,Everton,0,1,A,1,2,synthetic_demo
14/09/2023,Liverpool,Fulham,2,0,H,9,0,synthetic_demo
14/09/2023,Everton,Aston Villa,0,0,D,0,5,synthetic_demo
15/09/2023,Sunderland,Brentford,0,1,A,5,1,synthetic_demo
16/09/2023,Tottenham,Man United,0,0,D,2,5,synthetic_demo
16/09/2023,Burnley,Sunderland,2,1,H,6,2,synthetic_demo
17/09/2023,Liverpool,Wolves,3,1,H,5,3,synthetic_demo
18/09/2023,Brighton,Newcastle,3,0,H,5,2,synthetic_demo
19/09/2023,Chelsea,Leeds,3,0,H,8,3,synthetic_demo
19/09/2023,West Ham,Man City,0,2,A,6,6,synthetic_demo
20/09/2023,Arsenal,Tottenham,3,2,H,7,8,synthetic_demo
21/09/2023,Wolves,Bournemouth,0,0,D,4,2,synthetic_demo
21/09/2023,Leeds,Liverpool,1,1,D,3,4,synthetic_demo
22/09/2023,West Ham,Sunderland,0,0,D,4,1,synthetic_demo
23/09/2023,Bournemouth,Newcastle,0,0,D,5,4,synthetic_demo
24/09/2023,Crystal Palace,Nott'm Forest,1,0,H,8,3,synthetic_demo
24/09/2023,Man City,Aston Villa,2,1,H,7,5,synthetic_demo
25/09/2023,Fulham,Chelsea,0,1,A,6,3,synthetic_demo
26/09/2023,Tottenham,Crystal Palace,0,0,D,5,4,synthetic_demo
26/09/2023,Man United,Nott'm Forest,2,1,H,6,5,synthetic_demo
27/09/2023,Brighton,Chelsea,1,1,D,3,3,synthetic_demo
28/09/2023,Crystal Palace,Newcastle,1,1,D,5,3,synthetic_demo
28/09/2023,Tottenham,Sunderland,0,1,A,5,7,synthetic_demo
29/09/2023,Man United,Tottenham,2,2,D,6,8,synthetic_demo
30/09/2023,Tottenham,West Ham,2,0,H,4,2,synthetic_demo
01/10/2023,Chelsea,West Ham,1,1,D,3,1,synthetic_demo
01/10/2023,West Ham,Brighton,1,1,D,5,4,synthetic_demo
02/10/2023,Bournemouth,Arsenal,2,0,H,6,7,synthetic_demo
03/10/2023,Newcastle,Aston Villa,1,3,A,6,9,synthetic_demo
03/10/2023,Man City,Leeds,1,0,H,2,2,synthetic_demo
04/10/2023,West Ham,Burnley,2,2,D,9,3,synthetic_demo
05/10/2023,Tottenham,Newcastle,0,0,D,3,6,synthetic_demo
06/10/2023,Fulham,Leeds,2,0,H,4,0,synthetic_demo
06/10/2023,Leeds,Brentford,2,1,H,3,1,synthetic_demo
07/10/2023,Leeds,Brighton,2,2,D,4,3,synthetic_demo
08/10/2023,Arsenal,Man United,1,2,A,3,4,synthetic_demo
08/10/2023,Bournemouth,Brighton,1,0,H,5,10,synthetic_demo
09/10/2023,Wolves,Everton,4,1,H,9,8,synthetic_demo
10/10/2023,Sunderland,Nott'm Forest,1,0,H,3,4,synthetic_demo
11/10/2023,Brentford,Brighton,0,4,A,3,7,synthetic_demo
11/10/2023,Leeds,Sunderland,1,1,D,4,2,synthetic_demo
12/10/2023,Sunderland,Brighton,0,1,A,3,2,synthetic_demo
13/10/2023,Bournemouth,Crystal Palace,1,0,H,7,2,synthetic_demo
13/10/2023,Newcastle,Chelsea,2,1,H,5,5,synthetic_demo
14/10/2023,Everton,Bournemouth,1,1,D,5,3,synthetic_demo
15/10/2023,Man United,Leeds,3,0,H,7,4,synthetic_demo
16/10/2023,Chelsea,Liverpool,1,2,A,4,6,synthetic_demo
16/10/2023,Brighton,Man United,2,1,H,4,6,synthetic_demo
17/10/2023,Crystal Palace,Arsenal,1,2,A,2,7,synthetic_demo
18/10/2023,Everton,Sunderland,3,3,D,4,5,synthetic_demo
18/10/2023,Sunderland,Bournemouth,1,1,D,3,3,synthetic_demo
19/10/2023,Chelsea,Brighton,3,0,H,4,3,synthetic_demo
20/10/2023,Chelsea,Fulham,1,0,H,3,5,synthetic_demo
21/10/2023,Nott'm Forest,Arsenal,0,1,A,3,9,synthetic_demo
21/10/2023,Sunderland,Arsenal,1,1,D,4,4,synthetic_demo
22/10/2023,Wolves,Man United,1,2,A,2,5,synthetic_demo
23/10/2023,Liverpool,Tottenham,0,2,A,7,5,synthetic_demo
23/10/2023,Burnley,Newcastle,3,1,H,4,3,synthetic_demo
24/10/2023,Burnley,Man City,0,1,A,1,9,synthetic_demo
25/10/2023,Nott'm Forest,Sunderland,1,0,H,3,3,synthetic_demo
25/10/2023,Brentford,Crystal Palace,1,3,A,3,4,synthetic_demo
26/10/2023,West Ham,Fulham,3,1,H,7,6,synthetic_demo
27/10/2023,Everton,Wolves,3,1,H,4,2,synthetic_demo
28/10/2023,Leeds,Nott'm Forest,0,2,A,3,5,synthetic_demo
28/10/2023,Chelsea,Sunderland,1,0,H,3,1,synthetic_demo
29/10/2023,Man United,Everton,3,1,H,6,4,synthetic_demo
30/10/2023,Burnley,Man United,1,2,A,5,3,synthetic_demo
30/10/2023,Everton,Man City,0,2,A,4,6,synthetic_demo
31/10/2023,Aston Villa,Man City,1,2,A,4,5,synthetic_demo
01/11/2023,Aston Villa,Nott'm Forest,0,0,D,4,1,synthetic_demo
02/11/2023,Brentford,Tottenham,0,2,A,3,5,synthetic_demo
02/11/2023,Fulham,Sunderland,2,1,H,6,3,synthetic_demo
03/11/2023,Aston Villa,Fulham,1,4,A,4,5,synthetic_demo
04/11/2023,Fulham,Aston Villa,0,0,D,3,5,synthetic_demo
04/11/2023,Crystal Palace,West Ham,0,2,A,3,3,synthetic_demo
05/11/2023,Arsenal,Liverpool,0,1,A,8,10,synthetic_demo
06/11/2023,Brentford,Burnley,1,0,H,3,1,synthetic_demo
07/11/2023,Leeds,Chelsea,3,1,H,6,2,synthetic_demo
07/11/2023,Liverpool,Leeds,3,0,H,6,3,synthetic_demo
08/11/2023,Chelsea,Aston Villa,3,1,H,7,2,synthetic_demo
09/11/2023,Arsenal,Sunderland,3,0,H,6,0,synthetic_demo
09/11/2023,Chelsea,Wolves,3,2,H,7,5,synthetic_demo
10/11/2023,Aston Villa,Man United,0,0,D,6,2,synthetic_demo
11/11/2023,West Ham,Crystal Palace,0,2,A,4,4,synthetic_demo
12/11/2023,Arsenal,Aston Villa,2,0,H,4,4,synthetic_demo
12/11/2023,Nott'm Forest,Wolves,1,1,D,3,4,synthetic_demo
13/11/2023,Wolves,Brighton,3,1,H,7,2,synthetic_demo
14/11/2023,Man United,Newcastle,1,1,D,4,4,synthetic_demo
14/11/2023,Aston Villa,Brighton,3,1,H,9,5,synthetic_demo
15/11/2023,Chelsea,Tottenham,0,0,D,4,6,synthetic_demo
16/11/2023,Crystal Palace,Leeds,3,1,H,7,7,synthetic_demo
17/11/2023,Burnley,Crystal Palace,0,1,A,3,9,synthetic_demo
17/11/2023,Newcastle,Crystal Palace,1,0,H,5,0,synthetic_demo
18/11/2023,Leeds,Fulham,2,1,H,4,3,synthetic_demo
19/11/2023,Tottenham,Nott'm Forest,0,1,A,3,5,synthetic_demo
19/11/2023,Sunderland,Newcastle,1,2,A,2,7,synthetic_demo
20/11/2023,Brighton,Man City,1,0,H,3,3,synthetic_demo
21/11/2023,Brentford,Fulham,0,0,D,3,4,synthetic_demo
21/11/2023,Nott'm Forest,Crystal Palace,3,2,H,8,4,synthetic_demo
22/11/2023,Leeds,Crystal Palace,1,2,A,4,4,synthetic_demo
23/11/2023,Brentford,Everton,0,1,A,3,4,synthetic_demo
24/11/2023,Bournemouth,Liverpool,3,2,H,5,6,synthetic_demo
24/11/2023,Arsenal,Man City,1,1,D,5,6,synthetic_demo
25/11/2023,Man United,Sunderland,2,0,H,4,3,synthetic_demo
26/11/2023,Arsenal,Crystal Palace,1,0,H,2,3,synthetic_demo
26/11/2023,Chelsea,Nott'm Forest,2,3,A,5,6,synthetic_demo
27/11/2023,Bournemouth,Man City,1,2,A,3,8,synthetic_demo
28/11/2023,Nott'm Forest,Burnley,1,0,H,5,1,synthetic_demo
29/11/2023,Newcastle,Man United,4,1,H,6,3,synthetic_demo
29/11/2023,Leeds,Wolves,2,2,D,4,5,synthetic_demo
30/11/2023,Brighton,Aston Villa,3,0,H,5,2,synthetic_demo
01/12/2023,Wolves,Liverpool,2,0,H,6,2,synthetic_demo
01/12/2023,Burnley,Everton,0,1,A,2,3,synthetic_demo
02/12/2023,Aston Villa,Newcastle,1,3,A,6,6,synthetic_demo
03/12/2023,Wolves,Leeds,2,0,H,8,1,synthetic_demo
04/12/2023,Leeds,Man City,1,2,A,6,6,synthetic_demo
04/12/2023,Fulham,Man United,1,0,H,7,3,synthetic_demo
05/12/2023,Tottenham,Aston Villa,2,2,D,6,3,synthetic_demo
06/12/2023,Man City,Newcastle,2,0,H,9,3,synthetic_demo
06/12/2023,Man United,Crystal Palace,1,1,D,2,2,synthetic_demo
07/12/2023,Everton,Liverpool,1,1,D,3,4,synthetic_demo
08/12/2023,Wolves,Sunderland,1,1,D,4,5,synthetic_demo
09/12/2023,Burnley,West Ham,2,1,H,6,4,synthetic_demo
09/12/2023,Nott'm Forest,Liverpool,0,2,A,4,3,synthetic_demo
10/12/2023,Everton,Fulham,1,0,H,2,1,synthetic_demo
11/12/2023,Liverpool,Chelsea,0,0,D,7,6,synthetic_demo
11/12/2023,Brighton,West Ham,0,1,A,2,1,synthetic_demo
12/12/2023,Leeds,Newcastle,1,1,D,5,4,synthetic_demo
13/12/2023,Fulham,Everton,1,1,D,1,7,synthetic_demo
14/12/2023,Bournemouth,Man United,0,1,A,2,7,synthetic_demo
14/12/2023,Crystal Palace,Bournemouth,1,0,H,3,2,synthetic_demo
15/12/2023,Leeds,Everton,1,1,D,3,2,synthetic_demo
16/12/2023,Wolves,Aston Villa,0,0,D,5,4,synthetic_demo
16/12/2023,Nott'm Forest,Newcastle,2,0,H,6,2,synthetic_demo
17/12/2023,Arsenal,Leeds,3,0,H,5,3,synthetic_demo
18/12/2023,Wolves,Nott'm Forest,2,3,A,4,3,synthetic_demo
18/12/2023,Man United,Aston Villa,0,1,A,3,4,synthetic_demo
19/12/2023,Crystal Palace,Aston Villa,2,0,H,6,2,synthetic_demo
20/12/2023,Newcastle,Everton,1,0,H,2,3,synthetic_demo
21/12/2023,Brentford,Newcastle,1,3,A,3,6,synthetic_demo
21/12/2023,Fulham,Brentford,2,2,D,5,8,synthetic_demo
22/12/2023,Brentford,Sunderland,1,0,H,5,4,synthetic_demo
23/12/2023,Crystal Palace,Fulham,0,1,A,1,3,synthetic_demo
23/12/2023,Everton,Burnley,3,1,H,4,3,synthetic_demo
24/12/2023,Brighton,Leeds,0,1,A,2,2,synthetic_demo
25/12/2023,Wolves,Brentford,1,2,A,6,8,synthetic_demo
26/12/2023,Liverpool,Everton,0,1,A,10,3,synthetic_demo
26/12/2023,Sunderland,Tottenham,1,5,A,3,8,synthetic_demo
27/12/2023,Man City,Burnley,2,0,H,4,1,synthetic_demo
28/12/2023,Tottenham,Arsenal,3,1,H,5,5,synthetic_demo
28/12/2023,Burnley,Brentford,0,2,A,1,3,synthetic_demo
29/12/2023,Bournemouth,Nott'm Forest,0,3,A,7,4,synthetic_demo
30/12/2023,Arsenal,West Ham,0,0,D,1,3,synthetic_demo
31/12/2023,Liverpool,Aston Villa,2,0,H,4,6,synthetic_demo
31/12/2023,Crystal Palace,Liverpool,1,0,H,5,5,synthetic_demo
01/01/2024,Bournemouth,Burnley,1,0,H,3,3,synthetic_demo
02/01/2024,Man United,Bournemouth,1,1,D,4,3,synthetic_demo
02/01/2024,Tottenham,Leeds,2,1,H,9,7,synthetic_demo
03/01/2024,Sunderland,Burnley,1,0,H,3,3,synthetic_demo
04/01/2024,Crystal Palace,Man United,1,1,D,5,4,synthetic_demo
05/01/2024,Man City,West Ham,1,1,D,4,3,synthetic_demo
05/01/2024,Brentford,Liverpool,2,0,H,8,2,synthetic_demo
06/01/2024,Crystal Palace,Burnley,2,0,H,7,2,synthetic_demo
07/01/2024,Man United,Wolves,1,2,A,3,5,synthetic_demo
07/01/2024,Man United,Chelsea,2,2,D,4,7,synthetic_demo
08/01/2024,Burnley,Aston Villa,0,0,D,2,2,synthetic_demo
09/01/2024,Man City,Everton,2,0,H,8,1,synthetic_demo
10/01/2024,West Ham,Newcastle,2,1,H,4,8,synthetic_demo
10/01/2024,Nott'm Forest,Bournemouth,0,1,A,3,4,synthetic_demo
11/01/2024,Arsenal,Brighton,4,2,H,10,5,synthetic_demo
12/01/2024,West Ham,Arsenal,2,2,D,6,4,synthetic_demo
12/01/2024,West Ham,Bournemouth,1,2,A,6,4,synthetic_demo
13/01/2024,Man City,Arsenal,2,2,D,7,6,synthetic_demo
14/01/2024,Man City,Sunderland,0,0,D,3,1,synthetic_demo
14/01/2024,Man City,Wolves,2,1,H,6,2,synthetic_demo
15/01/2024,Crystal Palace,Everton,3,1,H,9,5,synthetic_demo
16/01/2024,Burnley,Nott'm Forest,2,1,H,2,2,synthetic_demo
17/01/2024,Tottenham,Liverpool,0,1,A,2,3,synthetic_demo
17/01/2024,Brentford,Aston Villa,1,0,H,3,2,synthetic_demo
18/01/2024,Bournemouth,Fulham,1,0,H,4,3,synthetic_demo
19/01/2024,Chelsea,Bournemouth,3,0,H,6,4,synthetic_demo
19/01/2024,Chelsea,Arsenal,3,2,H,11,9,synthetic_demo
20/01/2024,Brentford,Arsenal,2,1,H,6,5,synthetic_demo
21/01/2024,Chelsea,Man City,2,1,H,8,5,synthetic_demo
22/01/2024,Man United,Fulham,2,2,D,4,6,synthetic_demo
22/01/2024,Burnley,Brighton,1,1,D,4,3,synthetic_demo
23/01/2024,Liverpool,Man United,0,0,D,6,7,synthetic_demo
24/01/2024,Brighton,Everton,1,1,D,3,2,synthetic_demo
24/01/2024,Chelsea,Newcastle,3,1,H,6,5,synthetic_demo
25/01/2024,Newcastle,Man City,0,1,A,3,5,synthetic_demo
26/01/2024,Leeds,Man United,3,1,H,6,7,synthetic_demo
27/01/2024,Sunderland,Fulham,0,0,D,3,3,synthetic_demo
27/01/2024,Aston Villa,Chelsea,3,4,A,7,8,synthetic_demo
28/01/2024,Brighton,Fulham,2,1,H,3,5,synthetic_demo
29/01/2024,Bournemouth,Leeds,1,2,A,6,7,synthetic_demo
29/01/2024,Fulham,Man City,1,2,A,5,5,synthetic_demo
30/01/2024,Arsenal,Everton,7,0,H,11,6,synthetic_demo
31/01/2024,Nott'm Forest,Chelsea,2,0,H,5,8,synthetic_demo
01/02/2024,Aston Villa,West Ham,0,2,A,1,5,synthetic_demo
01/02/2024,Nott'm Forest,West Ham,1,0,H,5,0,synthetic_demo
02/02/2024,Arsenal,Newcastle,6,3,H,11,7,synthetic_demo
03/02/2024,Arsenal,Wolves,4,0,H,10,5,synthetic_demo
03/02/2024,Everton,Brighton,3,0,H,7,2,synthetic_demo
04/02/2024,West Ham,Chelsea,0,0,D,3,8,synthetic_demo
05/02/2024,Man City,Man United,2,0,H,6,3,synthetic_demo
06/02/2024,Man United,Man City,0,1,A,4,6,synthetic_demo
06/02/2024,Brentford,Man United,0,3,A,5,6,synthetic_demo
07/02/2024,Aston Villa,Wolves,1,1,D,5,5,synthetic_demo
08/02/2024,Liverpool,Brentford,5,2,H,12,8,synthetic_demo
08/02/2024,Sunderland,Man City,0,5,A,3,11,synthetic_demo
09/02/2024,Fulham,West Ham,2,1,H,4,6,synthetic_demo
10/02/2024,Bournemouth,Sunderland,1,2,A,7,9,synthetic_demo
10/02/2024,Tottenham,Bournemouth,2,0,H,5,4,synthetic_demo
11/02/2024,Tottenham,Brentford,0,1,A,4,5,synthetic_demo
12/02/2024,Aston Villa,Liverpool,1,0,H,5,1,synthetic_demo
13/02/2024,Liverpool,Nott'm Forest,2,1,H,3,5,synthetic_demo
13/02/2024,Everton,Chelsea,2,1,H,6,11,synthetic_demo
14/02/2024,Man City,Tottenham,2,1,H,7,3,synthetic_demo
15/02/2024,Newcastle,Tottenham,2,2,D,5,8,synthetic_demo
15/02/2024,Sunderland,Man United,0,2,A,0,6,synthetic_demo
16/02/2024,Wolves,Newcastle,2,2,D,6,5,synthetic_demo
17/02/2024,Bournemouth,Tottenham,1,0,H,2,4,synthetic_demo
18/02/2024,West Ham,Man United,1,1,D,2,4,synthetic_demo
18/02/2024,Brentford,Leeds,2,2,D,5,5,synthetic_demo
19/02/2024,Newcastle,Bournemouth,6,1,H,8,6,synthetic_demo
20/02/2024,Arsenal,Nott'm Forest,0,0,D,4,5,synthetic_demo
20/02/2024,Crystal Palace,Brentford,1,0,H,3,6,synthetic_demo
21/02/2024,Brentford,Bournemouth,1,0,H,3,4,synthetic_demo
22/02/2024,Sunderland,Aston Villa,2,1,H,3,3,synthetic_demo
23/02/2024,Everton,Nott'm Forest,1,2,A,4,5,synthetic_demo
23/02/2024,Fulham,Newcastle,0,1,A,6,4,synthetic_demo
24/02/2024,Sunderland,Wolves,0,1,A,4,3,synthetic_demo
25/02/2024,Burnley,Wolves,1,1,D,2,5,synthetic_demo
25/02/2024,West Ham,Aston Villa,2,1,H,6,6,synthetic_demo
26/02/2024,Aston Villa,Arsenal,2,2,D,8,11,synthetic_demo
27/02/2024,Brighton,Brentford,0,1,A,4,4,synthetic_demo
28/02/2024,Man City,Crystal Palace,1,1,D,11,3,synthetic_demo
28/02/2024,Newcastle,Nott'm Forest,0,0,D,1,4,synthetic_demo
29/02/2024,Wolves,Chelsea,1,1,D,7,5,synthetic_demo
01/03/2024,Tottenham,Man City,0,1,A,2,6,synthetic_demo
01/03/2024,Sunderland,West Ham,1,0,H,7,2,synthetic_demo
02/03/2024,Burnley,Arsenal,1,6,A,4,10,synthetic_demo
03/03/2024,Aston Villa,Leeds,2,0,H,9,3,synthetic_demo
04/03/2024,Arsenal,Chelsea,2,2,D,8,8,synthetic_demo
04/03/2024,Leeds,Aston Villa,1,0,H,3,3,synthetic_demo
05/03/2024,Brighton,Crystal Palace,2,1,H,4,4,synthetic_demo
06/03/2024,Sunderland,Crystal Palace,1,2,A,8,6,synthetic_demo
06/03/2024,Newcastle,Liverpool,1,2,A,7,3,synthetic_demo
07/03/2024,Brentford,Wolves,1,1,D,4,2,synthetic_demo
08/03/2024,Newcastle,Leeds,2,0,H,6,2,synthetic_demo
08/03/2024,Nott'm Forest,Brighton,3,0,H,8,7,synthetic_demo
09/03/2024,Leeds,Bournemouth,3,0,H,9,3,synthetic_demo
10/03/2024,Man City,Brighton,1,1,D,4,5,synthetic_demo
11/03/2024,Crystal Palace,Tottenham,1,1,D,5,9,synthetic_demo
11/03/2024,Aston Villa,Everton,2,0,H,5,1,synthetic_demo
12/03/2024,Man City,Fulham,3,1,H,6,2,synthetic_demo
13/03/2024,Man United,Burnley,3,0,H,9,4,synthetic_demo
13/03/2024,Wolves,Crystal Palace,0,2,A,2,3,synthetic_demo
14/03/2024,Newcastle,Sunderland,2,0,H,4,2,synthetic_demo
15/03/2024,Crystal Palace,Brighton,1,2,A,3,5,synthetic_demo
16/03/2024,Nott'm Forest,Brentford,0,0,D,1,5,synthetic_demo
16/03/2024,West Ham,Leeds,3,0,H,4,1,synthetic_demo
17/03/2024,Aston Villa,Crystal Palace,0,2,A,5,5,synthetic_demo
18/03/2024,Brentford,Nott'm Forest,0,0,D,3,4,synthetic_demo
18/03/2024,Man City,Chelsea,2,1,H,4,6,synthetic_demo
19/03/2024,West Ham,Wolves,1,0,H,6,2,synthetic_demo
20/03/2024,Tottenham,Chelsea,1,1,D,6,3,synthetic_demo
21/03/2024,Arsenal,Bournemouth,3,1,H,6,4,synthetic_demo
21/03/2024,Brighton,Tottenham,0,0,D,9,3,synthetic_demo
22/03/2024,Leeds,Tottenham,2,0,H,9,3,synthetic_demo
23/03/2024,Liverpool,Newcastle,3,0,H,6,3,synthetic_demo
23/03/2024,Wolves,Fulham,2,1,H,7,2,synthetic_demo
24/03/2024,Wolves,Tottenham,1,4,A,4,7,synthetic_demo
25/03/2024,Nott'm Forest,Man United,1,1,D,5,4,synthetic_demo
26/03/2024,Brighton,Arsenal,1,4,A,7,10,synthetic_demo
26/03/2024,West Ham,Tottenham,0,1,A,4,4,synthetic_demo
27/03/2024,Newcastle,Burnley,2,1,H,5,4,synthetic_demo
28/03/2024,Leeds,Burnley,4,1,H,7,4,synthetic_demo
28/03/2024,Aston Villa,Bournemouth,2,0,H,5,2,synthetic_demo
29/03/2024,Everton,Brentford,1,1,D,5,4,synthetic_demo
30/03/2024,Burnley,Tottenham,2,1,H,5,3,synthetic_demo
31/03/2024,Tottenham,Burnley,1,2,A,4,5,synthetic_demo
31/03/2024,Everton,West Ham,1,0,H,2,3,synthetic_demo
01/04/2024,Brighton,Burnley,1,0,H,6,2,synthetic_demo
02/04/2024,Crystal Palace,Wolves,1,1,D,5,3,synthetic_demo
02/04/2024,Fulham,Burnley,0,0,D,5,2,synthetic_demo
03/04/2024,Chelsea,Crystal Palace,2,0,H,8,4,synthetic_demo
04/04/2024,Wolves,Arsenal,1,1,D,5,5,synthetic_demo
04/04/2024,Man City,Bournemouth,2,0,H,9,6,synthetic_demo
05/04/2024,Liverpool,Brighton,1,1,D,2,3,synthetic_demo
06/04/2024,Aston Villa,Sunderland,0,0,D,3,0,synthetic_demo
07/04/2024,Everton,Tottenham,1,0,H,2,2,synthetic_demo
07/04/2024,Chelsea,Everton,2,4,A,7,7,synthetic_demo
08/04/2024,Wolves,Man City,1,1,D,2,3,synthetic_demo
09/04/2024,Man United,Brentford,0,1,A,5,6,synthetic_demo
09/04/2024,Man City,Liverpool,1,1,D,4,4,synthetic_demo
10/04/2024,Chelsea,Man United,1,2,A,3,6,synthetic_demo
11/04/2024,Nott'm Forest,Man City,2,2,D,5,6,synthetic_demo
12/04/2024,Bournemouth,Wolves,0,0,D,6,4,synthetic_demo
12/04/2024,Man United,West Ham,1,1,D,4,4,synthetic_demo
13/04/2024,Burnley,Chelsea,2,1,H,4,5,synthetic_demo
14/04/2024,Nott'm Forest,Fulham,2,1,H,4,5,synthetic_demo
14/04/2024,Brentford,West Ham,1,4,A,4,4,synthetic_demo
15/04/2024,Leeds,Arsenal,1,1,D,5,8,synthetic_demo
16/04/2024,Bournemouth,Everton,3,2,H,8,5,synthetic_demo
17/04/2024,Everton,Arsenal,0,3,A,4,6,synthetic_demo
17/04/2024,Bournemouth,Brentford,0,0,D,4,3,synthetic_demo
18/04/2024,Fulham,Arsenal,0,0,D,2,2,synthetic_demo
19/04/2024,Everton,Newcastle,1,2,A,6,4,synthetic_demo
19/04/2024,Aston Villa,Brentford,3,3,D,5,6,synthetic_demo
20/04/2024,Fulham,Wolves,2,1,H,4,6,synthetic_demo
21/04/2024,Wolves,West Ham,2,2,D,3,6,synthetic_demo
22/04/2024,Man United,Arsenal,2,1,H,9,3,synthetic_demo
22/04/2024,Newcastle,Brighton,1,3,A,5,7,synthetic_demo
23/04/2024,Fulham,Tottenham,2,1,H,3,4,synthetic_demo
24/04/2024,Burnley,Leeds,0,0,D,2,0,synthetic_demo
24/04/2024,Brighton,Wolves,2,0,H,3,3,synthetic_demo
25/04/2024,Bournemouth,Chelsea,1,1,D,3,4,synthetic_demo
26/04/2024,Arsenal,Fulham,0,2,A,2,6,synthetic_demo
31/07/2024,Fulham,Crystal Palace,2,0,H,3,1,synthetic_demo
31/07/2024,Leeds,West Ham,3,1,H,7,3,synthetic_demo
01/08/2024,Fulham,Brentford,1,0,H,2,2,synthetic_demo
02/08/2024,Fulham,Sunderland,4,0,H,6,2,synthetic_demo
02/08/2024,Aston Villa,Brentford,3,1,H,6,1,synthetic_demo
03/08/2024,Fulham,Everton,1,2,A,5,4,synthetic_demo
04/08/2024,Fulham,Liverpool,2,3,A,3,9,synthetic_demo
04/08/2024,Tottenham,Fulham,2,1,H,4,2,synthetic_demo
05/08/2024,Arsenal,Burnley,2,0,H,5,4,synthetic_demo
06/08/2024,Brentford,Chelsea,1,1,D,2,6,synthetic_demo
07/08/2024,Everton,Man City,1,1,D,2,13,synthetic_demo
07/08/2024,Wolves,Leeds,2,0,H,5,1,synthetic_demo
08/08/2024,Liverpool,Brentford,2,0,H,11,6,synthetic_demo
09/08/2024,West Ham,Brentford,0,1,A,4,1,synthetic_demo
09/08/2024,Bournemouth,Fulham,0,1,A,3,2,synthetic_demo
10/08/2024,Arsenal,Man United,0,0,D,6,4,synthetic_demo
11/08/2024,Man United,Tottenham,0,1,A,2,5,synthetic_demo
12/08/2024,Brighton,Chelsea,1,0,H,8,5,synthetic_demo
12/08/2024,Man United,Crystal Palace,1,0,H,6,0,synthetic_demo
13/08/2024,Tottenham,Wolves,2,0,H,5,3,synthetic_demo
14/08/2024,Bournemouth,Aston Villa,2,0,H,4,1,synthetic_demo
14/08/2024,Everton,Brighton,1,2,A,5,4,synthetic_demo
15/08/2024,Burnley,Everton,0,2,A,2,3,synthetic_demo
16/08/2024,Everton,West Ham,4,3,H,5,7,synthetic_demo
17/08/2024,Leeds,Wolves,1,3,A,3,5,synthetic_demo
17/08/2024,Sunderland,Man City,0,4,A,1,7,synthetic_demo
18/08/2024,Aston Villa,Bournemouth,3,1,H,7,6,synthetic_demo
19/08/2024,Liverpool,Arsenal,1,2,A,8,5,synthetic_demo
19/08/2024,Sunderland,Brentford,2,2,D,3,4,synthetic_demo
20/08/2024,Man City,Liverpool,1,2,A,9,5,synthetic_demo
21/08/2024,Crystal Palace,Wolves,2,2,D,7,4,synthetic_demo
22/08/2024,Brighton,Crystal Palace,1,1,D,4,4,synthetic_demo
22/08/2024,Crystal Palace,West Ham,3,6,A,9,8,synthetic_demo
23/08/2024,Nott'm Forest,Liverpool,1,1,D,2,6,synthetic_demo
24/08/2024,Tottenham,Sunderland,2,1,H,3,2,synthetic_demo
24/08/2024,Burnley,Chelsea,1,2,A,5,6,synthetic_demo
25/08/2024,Brentford,Man City,0,2,A,0,6,synthetic_demo
26/08/2024,Newcastle,Burnley,5,0,H,6,3,synthetic_demo
27/08/2024,Fulham,Aston Villa,1,0,H,8,3,synthetic_demo
27/08/2024,Burnley,Liverpool,2,3,A,5,9,synthetic_demo
28/08/2024,Liverpool,Brighton,2,2,D,6,3,synthetic_demo
29/08/2024,Aston Villa,Man United,1,2,A,6,5,synthetic_demo
29/08/2024,Wolves,West Ham,2,0,H,5,1,synthetic_demo
30/08/2024,Arsenal,West Ham,4,0,H,6,5,synthetic_demo
31/08/2024,Burnley,Leeds,2,3,A,7,8,synthetic_demo
31/08/2024,Crystal Palace,Man City,1,0,H,4,6,synthetic_demo
01/09/2024,Sunderland,Tottenham,1,1,D,3,3,synthetic_demo
02/09/2024,Man United,Nott'm Forest,1,1,D,5,2,synthetic_demo
03/09/2024,Liverpool,Man City,1,0,H,2,2,synthetic_demo
03/09/2024,Everton,Arsenal,2,0,H,5,6,synthetic_demo
04/09/2024,Bournemouth,Tottenham,1,1,D,5,3,synthetic_demo
05/09/2024,Wolves,Newcastle,0,2,A,4,4,synthetic_demo
05/09/2024,Bournemouth,Man United,2,1,H,3,2,synthetic_demo
06/09/2024,Tottenham,Burnley,2,2,D,9,4,synthetic_demo
07/09/2024,Everton,Tottenham,0,2,A,1,4,synthetic_demo
08/09/2024,Chelsea,Leeds,2,1,H,5,8,synthetic_demo
08/09/2024,Crystal Palace,Brighton,1,1,D,3,1,synthetic_demo
09/09/2024,Man City,Chelsea,0,0,D,5,4,synthetic_demo
10/09/2024,Arsenal,Wolves,3,2,H,8,4,synthetic_demo
10/09/2024,Sunderland,Man United,0,1,A,2,7,synthetic_demo
11/09/2024,Leeds,Burnley,1,2,A,5,6,synthetic_demo
12/09/2024,Leeds,Chelsea,2,2,D,5,5,synthetic_demo
13/09/2024,Man United,Everton,0,1,A,4,3,synthetic_demo
13/09/2024,Tottenham,Nott'm Forest,1,0,H,5,2,synthetic_demo
14/09/2024,Aston Villa,Wolves,3,2,H,12,5,synthetic_demo
15/09/2024,Tottenham,Arsenal,1,3,A,6,9,synthetic_demo
15/09/2024,Fulham,West Ham,2,1,H,6,6,synthetic_demo
16/09/2024,Fulham,Tottenham,2,0,H,5,4,synthetic_demo
17/09/2024,Aston Villa,Crystal Palace,3,1,H,6,5,synthetic_demo
18/09/2024,Newcastle,Sunderland,5,3,H,11,5,synthetic_demo
18/09/2024,Burnley,Fulham,2,1,H,7,4,synthetic_demo
19/09/2024,Sunderland,Wolves,2,0,H,3,3,synthetic_demo
20/09/2024,Crystal Palace,Bournemouth,2,0,H,3,3,synthetic_demo
20/09/2024,Leeds,Man City,0,2,A,1,8,synthetic_demo
21/09/2024,Man United,Fulham,1,0,H,3,3,synthetic_demo
22/09/2024,Sunderland,Crystal Palace,2,1,H,4,3,synthetic_demo
23/09/2024,West Ham,Liverpool,3,0,H,6,6,synthetic_demo
23/09/2024,Bournemouth,Liverpool,2,1,H,2,2,synthetic_demo
24/09/2024,Everton,Bournemouth,6,0,H,8,4,synthetic_demo
25/09/2024,Nott'm Forest,West Ham,2,2,D,8,7,synthetic_demo
25/09/2024,Tottenham,Everton,0,1,A,5,4,synthetic_demo
26/09/2024,Man City,Burnley,4,1,H,9,2,synthetic_demo
27/09/2024,Arsenal,Nott'm Forest,2,1,H,7,1,synthetic_demo
27/09/2024,Everton,Brentford,2,2,D,5,6,synthetic_demo
28/09/2024,Nott'm Forest,Bournemouth,0,3,A,5,3,synthetic_demo
29/09/2024,Tottenham,Crystal Palace,1,0,H,6,5,synthetic_demo
30/09/2024,Liverpool,Everton,0,1,A,2,4,synthetic_demo
30/09/2024,Brentford,Wolves,1,1,D,4,6,synthetic_demo
01/10/2024,Chelsea,Man United,3,0,H,4,3,synthetic_demo
02/10/2024,Man United,Arsenal,0,1,A,3,7,synthetic_demo
02/10/2024,Fulham,Nott'm Forest,1,1,D,6,8,synthetic_demo
03/10/2024,Man United,Chelsea,2,1,H,4,5,synthetic_demo
04/10/2024,Brighton,Wolves,3,2,H,7,5,synthetic_demo
05/10/2024,Nott'm Forest,Wolves,2,0,H,5,1,synthetic_demo
05/10/2024,Fulham,Bournemouth,3,0,H,5,7,synthetic_demo
06/10/2024,Aston Villa,Leeds,3,2,H,5,5,synthetic_demo
07/10/2024,Man City,Sunderland,2,2,D,6,5,synthetic_demo
07/10/2024,Bournemouth,Arsenal,0,2,A,2,7,synthetic_demo
08/10/2024,Nott'm Forest,Crystal Palace,1,0,H,6,4,synthetic_demo
09/10/2024,Brighton,Everton,2,1,H,4,4,synthetic_demo
10/10/2024,Brentford,Nott'm Forest,2,3,A,4,4,synthetic_demo
10/10/2024,Brentford,Bournemouth,0,1,A,3,2,synthetic_demo
11/10/2024,Newcastle,Everton,4,1,H,8,2,synthetic_demo
12/10/2024,Everton,Newcastle,2,0,H,5,3,synthetic_demo
12/10/2024,Brighton,Tottenham,2,0,H,2,3,synthetic_demo
13/10/2024,Bournemouth,Man City,1,2,A,5,2,synthetic_demo
14/10/2024,Arsenal,Bournemouth,2,0,H,3,5,synthetic_demo
15/10/2024,Everton,Crystal Palace,4,0,H,9,1,synthetic_demo
15/10/2024,Newcastle,West Ham,2,0,H,5,1,synthetic_demo
16/10/2024,Nott'm Forest,Fulham,1,1,D,6,4,synthetic_demo
17/10/2024,Liverpool,Chelsea,1,1,D,1,4,synthetic_demo
17/10/2024,Man City,Aston Villa,4,2,H,7,3,synthetic_demo
18/10/2024,Man United,Brentford,1,1,D,9,5,synthetic_demo
19/10/2024,West Ham,Man City,2,2,D,3,4,synthetic_demo
20/10/2024,Man City,Fulham,2,2,D,5,7,synthetic_demo
20/10/2024,West Ham,Fulham,0,1,A,2,5,synthetic_demo
21/10/2024,West Ham,Newcastle,3,1,H,4,3,synthetic_demo
22/10/2024,Man City,Man United,2,0,H,4,5,synthetic_demo
22/10/2024,Nott'm Forest,Man United,1,1,D,3,5,synthetic_demo
23/10/2024,Crystal Palace,Nott'm Forest,1,1,D,4,4,synthetic_demo
24/10/2024,Man United,Leeds,2,2,D,5,5,synthetic_demo
24/10/2024,Man United,West Ham,1,2,A,4,5,synthetic_demo
25/10/2024,Brighton,Nott'm Forest,1,1,D,5,4,synthetic_demo
26/10/2024,Wolves,Arsenal,1,1,D,2,6,synthetic_demo
27/10/2024,West Ham,Sunderland,4,0,H,7,3,synthetic_demo
27/10/2024,Aston Villa,West Ham,3,0,H,6,3,synthetic_demo
28/10/2024,Man City,Nott'm Forest,0,0,D,2,2,synthetic_demo
29/10/2024,Liverpool,Newcastle,1,3,A,4,6,synthetic_demo
29/10/2024,Chelsea,Newcastle,2,1,H,6,5,synthetic_demo
30/10/2024,Sunderland,Bournemouth,1,2,A,4,5,synthetic_demo
31/10/2024,Sunderland,Brighton,0,0,D,1,3,synthetic_demo
01/11/2024,Newcastle,Wolves,1,1,D,7,2,synthetic_demo
01/11/2024,Fulham,Wolves,4,3,H,9,8,synthetic_demo
02/11/2024,West Ham,Nott'm Forest,1,0,H,5,3,synthetic_demo
03/11/2024,Crystal Palace,Burnley,2,0,H,3,1,synthetic_demo
03/11/2024,West Ham,Wolves,1,0,H,5,2,synthetic_demo
04/11/2024,Man United,Burnley,3,1,H,9,3,synthetic_demo
05/11/2024,Liverpool,West Ham,0,0,D,10,0,synthetic_demo
06/11/2024,Leeds,Liverpool,1,1,D,9,5,synthetic_demo
06/11/2024,Wolves,Man United,1,0,H,6,2,synthetic_demo
07/11/2024,Burnley,Tottenham,2,2,D,4,8,synthetic_demo
08/11/2024,Arsenal,Everton,2,0,H,7,4,synthetic_demo
08/11/2024,Burnley,Sunderland,1,1,D,5,4,synthetic_demo
09/11/2024,Burnley,Man United,0,1,A,4,4,synthetic_demo
10/11/2024,Wolves,Brentford,1,0,H,3,2,synthetic_demo
11/11/2024,Chelsea,Crystal Palace,3,1,H,8,7,synthetic_demo
11/11/2024,Brentford,West Ham,1,1,D,6,4,synthetic_demo
12/11/2024,Man City,Tottenham,1,2,A,5,7,synthetic_demo
13/11/2024,Wolves,Liverpool,0,2,A,2,5,synthetic_demo
13/11/2024,Newcastle,Tottenham,3,2,H,9,4,synthetic_demo
14/11/2024,Leeds,Sunderland,0,1,A,3,1,synthetic_demo
15/11/2024,Leeds,Brentford,1,3,A,4,6,synthetic_demo
16/11/2024,Leeds,Tottenham,2,2,D,3,10,synthetic_demo
16/11/2024,Everton,Fulham,1,1,D,5,7,synthetic_demo
17/11/2024,Man United,Bournemouth,1,1,D,4,3,synthetic_demo
18/11/2024,Sunderland,Leeds,0,0,D,4,3,synthetic_demo
18/11/2024,Newcastle,Man United,2,3,A,10,5,synthetic_demo
19/11/2024,Brentford,Tottenham,0,6,A,6,9,synthetic_demo
20/11/2024,Man United,Aston Villa,0,1,A,1,5,synthetic_demo
20/11/2024,Crystal Palace,Arsenal,2,3,A,3,6,synthetic_demo
21/11/2024,Everton,Chelsea,0,2,A,5,7,synthetic_demo
22/11/2024,Wolves,Tottenham,0,1,A,2,5,synthetic_demo
23/11/2024,Chelsea,Brentford,2,1,H,5,4,synthetic_demo
23/11/2024,Brighton,Aston Villa,0,0,D,2,2,synthetic_demo
24/11/2024,Bournemouth,Brighton,2,1,H,7,5,synthetic_demo
25/11/2024,Aston Villa,Tottenham,0,4,A,4,8,synthetic_demo
25/11/2024,Newcastle,Brentford,1,0,H,6,3,synthetic_demo
26/11/2024,West Ham,Man United,1,4,A,2,5,synthetic_demo
27/11/2024,Brentford,Sunderland,2,0,H,5,1,synthetic_demo
28/11/2024,Brighton,Man City,2,0,H,5,5,synthetic_demo
28/11/2024,Nott'm Forest,Brentford,1,1,D,7,4,synthetic_demo
29/11/2024,Brentford,Leeds,4,2,H,4,11,synthetic_demo
30/11/2024,Wolves,Crystal Palace,0,3,A,4,8,synthetic_demo
30/11/2024,Man City,Newcastle,1,0,H,3,3,synthetic_demo
01/12/2024,Arsenal,Aston Villa,1,0,H,5,2,synthetic_demo
02/12/2024,Arsenal,Chelsea,1,2,A,5,5,synthetic_demo
03/12/2024,Burnley,Bournemouth,1,1,D,6,3,synthetic_demo
03/12/2024,Aston Villa,Nott'm Forest,1,1,D,6,2,synthetic_demo
04/12/2024,Aston Villa,Brighton,1,1,D,7,5,synthetic_demo
05/12/2024,Crystal Palace,Newcastle,0,1,A,3,4,synthetic_demo
05/12/2024,Leeds,Newcastle,0,0,D,4,2,synthetic_demo
06/12/2024,Everton,Leeds,2,1,H,7,3,synthetic_demo
07/12/2024,Aston Villa,Fulham,3,0,H,6,2,synthetic_demo
08/12/2024,Leeds,Arsenal,1,2,A,6,5,synthetic_demo
08/12/2024,Brighton,Arsenal,0,1,A,4,5,synthetic_demo
09/12/2024,Nott'm Forest,Tottenham,2,2,D,6,3,synthetic_demo
10/12/2024,Newcastle,Chelsea,0,0,D,1,2,synthetic_demo
10/12/2024,Burnley,Brighton,1,2,A,1,6,synthetic_demo
11/12/2024,Nott'm Forest,Burnley,0,1,A,4,4,synthetic_demo
12/12/2024,Chelsea,Arsenal,1,2,A,4,9,synthetic_demo
13/12/2024,Newcastle,Aston Villa,0,0,D,3,4,synthetic_demo
13/12/2024,Chelsea,Aston Villa,0,1,A,4,4,synthetic_demo
14/12/2024,Brentford,Man United,3,2,H,8,4,synthetic_demo
15/12/2024,Brentford,Fulham,0,2,A,1,4,synthetic_demo
15/12/2024,Nott'm Forest,Everton,6,2,H,10,3,synthetic_demo
16/12/2024,Leeds,Man United,2,3,A,6,8,synthetic_demo
17/12/2024,Wolves,Fulham,1,1,D,3,4,synthetic_demo
17/12/2024,Crystal Palace,Chelsea,3,2,H,9,7,synthetic_demo
18/12/2024,Tottenham,Aston Villa,2,1,H,5,3,synthetic_demo
19/12/2024,Chelsea,Man City,0,2,A,2,8,synthetic_demo
20/12/2024,Crystal Palace,Fulham,3,1,H,6,6,synthetic_demo
20/12/2024,Everton,Aston Villa,1,1,D,1,6,synthetic_demo
21/12/2024,Tottenham,Brentford,2,2,D,5,4,synthetic_demo
22/12/2024,Fulham,Brighton,2,0,H,3,0,synthetic_demo
22/12/2024,Arsenal,Leeds,1,0,H,2,1,synthetic_demo
23/12/2024,Bournemouth,Crystal Palace,1,2,A,4,10,synthetic_demo
24/12/2024,Man City,Bournemouth,1,1,D,4,4,synthetic_demo
25/12/2024,Liverpool,Burnley,1,1,D,5,5,synthetic_demo
25/12/2024,Fulham,Chelsea,0,1,A,4,5,synthetic_demo
26/12/2024,Sunderland,Arsenal,3,1,H,4,5,synthetic_demo
27/12/2024,Arsenal,Brentford,5,2,H,11,5,synthetic_demo
27/12/2024,Sunderland,Newcastle,1,0,H,3,5,synthetic_demo
28/12/2024,Tottenham,Man United,1,2,A,3,6,synthetic_demo
29/12/2024,Brentford,Crystal Palace,0,1,A,3,6,synthetic_demo
30/12/2024,Sunderland,Chelsea,2,3,A,5,6,synthetic_demo
30/12/2024,Leeds,Fulham,1,2,A,4,6,synthetic_demo
31/12/2024,Everton,Liverpool,0,2,A,2,2,synthetic_demo
01/01/2025,Man City,Everton,2,1,H,9,3,synthetic_demo
01/01/2025,Wolves,Sunderland,0,0,D,3,1,synthetic_demo
02/01/2025,Brentford,Brighton,1,4,A,5,7,synthetic_demo
03/01/2025,Chelsea,Burnley,0,0,D,3,5,synthetic_demo
04/01/2025,Brighton,Sunderland,3,2,H,7,5,synthetic_demo
04/01/2025,Burnley,Crystal Palace,3,0,H,4,1,synthetic_demo
05/01/2025,Nott'm Forest,Aston Villa,2,1,H,7,6,synthetic_demo
06/01/2025,Aston Villa,Burnley,2,2,D,6,3,synthetic_demo
06/01/2025,Burnley,Wolves,0,1,A,2,2,synthetic_demo
07/01/2025,Newcastle,Arsenal,0,1,A,4,6,synthetic_demo
08/01/2025,Man United,Sunderland,2,1,H,8,4,synthetic_demo
09/01/2025,Leeds,Everton,0,0,D,1,4,synthetic_demo
09/01/2025,West Ham,Brighton,1,0,H,3,2,synthetic_demo
10/01/2025,Brentford,Aston Villa,0,3,A,6,7,synthetic_demo
11/01/2025,Newcastle,Bournemouth,1,0,H,7,1,synthetic_demo
11/01/2025,Aston Villa,Man City,2,0,H,5,6,synthetic_demo
12/01/2025,Everton,Nott'm Forest,0,1,A,1,3,synthetic_demo
13/01/2025,Burnley,Arsenal,1,2,A,1,2,synthetic_demo
13/01/2025,Arsenal,Crystal Palace,2,0,H,6,5,synthetic_demo
14/01/2025,Brentford,Arsenal,1,3,A,4,7,synthetic_demo
15/01/2025,Everton,Man United,0,2,A,1,8,synthetic_demo
16/01/2025,Brentford,Newcastle,0,0,D,8,5,synthetic_demo
16/01/2025,West Ham,Chelsea,0,2,A,3,4,synthetic_demo
17/01/2025,Wolves,Chelsea,1,1,D,6,10,synthetic_demo
18/01/2025,Wolves,Man City,0,2,A,2,7,synthetic_demo
18/01/2025,Aston Villa,Newcastle,1,2,A,5,2,synthetic_demo
19/01/2025,Man City,Brentford,1,0,H,4,4,synthetic_demo
20/01/2025,Arsenal,Fulham,2,0,H,4,3,synthetic_demo
21/01/2025,Liverpool,Nott'm Forest,1,0,H,4,5,synthetic_demo
21/01/2025,Nott'm Forest,Man City,3,3,D,9,9,synthetic_demo
22/01/2025,Brighton,Liverpool,1,2,A,2,10,synthetic_demo
23/01/2025,Wolves,Bournemouth,2,1,H,6,9,synthetic_demo
23/01/2025,West Ham,Bournemouth,3,0,H,8,3,synthetic_demo
24/01/2025,Nott'm Forest,Brighton,1,2,A,9,2,synthetic_demo
25/01/2025,Aston Villa,Arsenal,1,1,D,2,7,synthetic_demo
26/01/2025,Bournemouth,Leeds,0,1,A,7,1,synthetic_demo
26/01/2025,Bournemouth,Sunderland,2,1,H,5,4,synthetic_demo
27/01/2025,Fulham,Newcastle,1,1,D,5,1,synthetic_demo
28/01/2025,Liverpool,Fulham,0,0,D,3,0,synthetic_demo
28/01/2025,Bournemouth,West Ham,1,1,D,4,5,synthetic_demo
29/01/2025,Man City,Wolves,0,2,A,2,10,synthetic_demo
30/01/2025,Crystal Palace,Sunderland,1,2,A,5,4,synthetic_demo
31/01/2025,Leeds,Brighton,0,0,D,4,1,synthetic_demo
31/01/2025,Crystal Palace,Brentford,0,3,A,5,9,synthetic_demo
01/02/2025,Everton,Wolves,1,2,A,1,5,synthetic_demo
02/02/2025,Everton,Sunderland,1,2,A,4,7,synthetic_demo
02/02/2025,Man City,West Ham,4,0,H,9,1,synthetic_demo
03/02/2025,Bournemouth,Newcastle,2,1,H,3,5,synthetic_demo
04/02/2025,Liverpool,Aston Villa,0,1,A,8,5,synthetic_demo
05/02/2025,Aston Villa,Sunderland,2,0,H,9,4,synthetic_demo
05/02/2025,Brighton,Burnley,2,2,D,4,2,synthetic_demo
06/02/2025,Bournemouth,Brentford,0,0,D,2,5,synthetic_demo
07/02/2025,Man United,Liverpool,1,2,A,4,5,synthetic_demo
07/02/2025,Everton,Burnley,3,0,H,6,3,synthetic_demo
08/02/2025,Newcastle,Brighton,1,1,D,7,5,synthetic_demo
09/02/2025,Nott'm Forest,Sunderland,2,1,H,5,6,synthetic_demo
09/02/2025,Nott'm Forest,Leeds,1,0,H,4,0,synthetic_demo
10/02/2025,Chelsea,Nott'm Forest,0,2,A,2,6,synthetic_demo
11/02/2025,Crystal Palace,Tottenham,1,3,A,4,4,synthetic_demo
12/02/2025,Arsenal,Man City,3,2,H,6,5,synthetic_demo
12/02/2025,Man United,Man City,0,2,A,2,6,synthetic_demo
13/02/2025,Wolves,Aston Villa,5,1,H,7,3,synthetic_demo
14/02/2025,West Ham,Burnley,0,0,D,2,1,synthetic_demo
14/02/2025,Sunderland,Nott'm Forest,1,2,A,4,8,synthetic_demo
15/02/2025,Brighton,Fulham,3,0,H,6,3,synthetic_demo
16/02/2025,Chelsea,Everton,1,2,A,2,2,synthetic_demo
17/02/2025,Arsenal,Liverpool,2,3,A,9,5,synthetic_demo
17/02/2025,Arsenal,Brighton,0,2,A,1,6,synthetic_demo
18/02/2025,Tottenham,Bournemouth,2,0,H,5,2,synthetic_demo
19/02/2025,Liverpool,Crystal Palace,3,0,H,7,4,synthetic_demo
19/02/2025,Bournemouth,Wolves,2,1,H,4,7,synthetic_demo
20/02/2025,Chelsea,Tottenham,1,0,H,5,5,synthetic_demo
21/02/2025,Tottenham,Chelsea,1,1,D,3,6,synthetic_demo
22/02/2025,Fulham,Arsenal,1,2,A,1,7,synthetic_demo
22/02/2025,Arsenal,Sunderland,3,0,H,6,3,synthetic_demo
23/02/2025,Man United,Newcastle,0,1,A,5,6,synthetic_demo
24/02/2025,Brentford,Burnley,3,0,H,4,1,synthetic_demo
24/02/2025,Sunderland,Everton,2,0,H,4,3,synthetic_demo
25/02/2025,Leeds,Bournemouth,0,0,D,4,3,synthetic_demo
26/02/2025,Nott'm Forest,Newcastle,1,1,D,5,4,synthetic_demo
27/02/2025,Chelsea,Wolves,1,1,D,5,6,synthetic_demo
27/02/2025,Brentford,Everton,0,1,A,4,8,synthetic_demo
28/02/2025,Man City,Arsenal,1,0,H,12,4,synthetic_demo
01/03/2025,Newcastle,Leeds,2,2,D,8,5,synthetic_demo
01/03/2025,Sunderland,Fulham,3,1,H,4,3,synthetic_demo
02/03/2025,Newcastle,Crystal Palace,1,0,H,5,4,synthetic_demo
03/03/2025,Brighton,West Ham,1,1,D,5,3,synthetic_demo
04/03/2025,Crystal Palace,Liverpool,1,1,D,2,4,synthetic_demo
04/03/2025,Bournemouth,Everton,3,2,H,7,5,synthetic_demo
05/03/2025,Sunderland,West Ham,0,1,A,3,1,synthetic_demo
06/03/2025,Fulham,Man City,2,3,A,6,4,synthetic_demo
06/03/2025,Liverpool,Sunderland,2,2,D,4,8,synthetic_demo
07/03/2025,Fulham,Burnley,2,1,H,5,5,synthetic_demo
08/03/2025,Chelsea,Brighton,2,1,H,8,2,synthetic_demo
08/03/2025,Aston Villa,Everton,1,1,D,4,4,synthetic_demo
09/03/2025,Wolves,Everton,0,1,A,5,4,synthetic_demo
10/03/2025,Chelsea,Sunderland,2,1,H,6,2,synthetic_demo
11/03/2025,Nott'm Forest,Chelsea,1,1,D,4,3,synthetic_demo
11/03/2025,Crystal Palace,Leeds,2,1,H,7,1,synthetic_demo
12/03/2025,Burnley,Brentford,0,1,A,3,4,synthetic_demo
13/03/2025,Sunderland,Liverpool,0,2,A,0,6,synthetic_demo
13/03/2025,Man United,Wolves,3,0,H,7,1,synthetic_demo
14/03/2025,Tottenham,Man City,1,0,H,2,8,synthetic_demo
15/03/2025,Burnley,Aston Villa,1,1,D,4,4,synthetic_demo
16/03/2025,West Ham,Arsenal,4,1,H,5,6,synthetic_demo
16/03/2025,Liverpool,Leeds,0,1,A,1,3,synthetic_demo
17/03/2025,Bournemouth,Chelsea,2,0,H,9,4,synthetic_demo
18/03/2025,Newcastle,Fulham,2,1,H,7,6,synthetic_demo
18/03/2025,Man City,Leeds,1,3,A,6,8,synthetic_demo
19/03/2025,Man City,Crystal Palace,0,1,A,7,5,synthetic_demo
20/03/2025,Sunderland,Aston Villa,2,4,A,9,7,synthetic_demo
21/03/2025,Brighton,Leeds,1,1,D,6,3,synthetic_demo
21/03/2025,Crystal Palace,Man United,0,1,A,4,1,synthetic_demo
22/03/2025,Liverpool,Man United,0,1,A,4,5,synthetic_demo
23/03/2025,Tottenham,Brighton,0,0,D,2,2,synthetic_demo
23/03/2025,Chelsea,West Ham,1,0,H,4,1,synthetic_demo
24/03/2025,Crystal Palace,Everton,2,1,H,5,2,synthetic_demo
25/03/2025,Newcastle,Nott'm Forest,3,2,H,7,4,synthetic_demo
26/03/2025,Burnley,West Ham,0,1,A,5,7,synthetic_demo
26/03/2025,Brighton,Brentford,3,0,H,5,2,synthetic_demo
27/03/2025,Liverpool,Bournemouth,1,0,H,9,3,synthetic_demo
28/03/2025,Crystal Palace,Aston Villa,0,0,D,4,3,synthetic_demo
28/03/2025,Wolves,Burnley,1,0,H,4,2,synthetic_demo
29/03/2025,Newcastle,Man City,0,3,A,6,4,synthetic_demo
30/03/2025,Aston Villa,Chelsea,2,0,H,5,3,synthetic_demo
31/03/2025,West Ham,Leeds,1,0,H,6,0,synthetic_demo
31/03/2025,Fulham,Man United,0,2,A,7,8,synthetic_demo
01/04/2025,Liverpool,Tottenham,2,1,H,6,5,synthetic_demo
02/04/2025,Tottenham,Liverpool,1,0,H,5,6,synthetic_demo
02/04/2025,Tottenham,Newcastle,3,0,H,7,9,synthetic_demo
03/04/2025,Sunderland,Burnley,1,0,H,5,2,synthetic_demo
04/04/2025,Tottenham,Leeds,3,3,D,5,6,synthetic_demo
04/04/2025,Brighton,Newcastle,0,2,A,1,6,synthetic_demo
05/04/2025,West Ham,Everton,4,1,H,7,5,synthetic_demo
06/04/2025,Arsenal,Tottenham,1,1,D,3,2,synthetic_demo
07/04/2025,Burnley,Newcastle,2,2,D,5,5,synthetic_demo
07/04/2025,Aston Villa,Liverpool,0,2,A,7,6,synthetic_demo
08/04/2025,Burnley,Man City,1,0,H,3,3,synthetic_demo
09/04/2025,Man City,Brighton,0,1,A,2,1,synthetic_demo
09/04/2025,Wolves,Nott'm Forest,1,2,A,8,6,synthetic_demo
10/04/2025,West Ham,Tottenham,0,3,A,2,9,synthetic_demo
11/04/2025,Leeds,Nott'm Forest,2,0,H,7,3,synthetic_demo
12/04/2025,Burnley,Nott'm Forest,0,0,D,6,3,synthetic_demo
12/04/2025,Bournemouth,Nott'm Forest,0,2,A,4,5,synthetic_demo
13/04/2025,Fulham,Leeds,2,2,D,4,3,synthetic_demo
14/04/2025,Arsenal,Newcastle,3,1,H,7,6,synthetic_demo
14/04/2025,Brentford,Liverpool,0,2,A,7,8,synthetic_demo
15/04/2025,Bournemouth,Burnley,2,2,D,5,4,synthetic_demo
16/04/2025,Man United,Brighton,0,1,A,5,6,synthetic_demo
17/04/2025,Nott'm Forest,Arsenal,1,2,A,2,5,synthetic_demo
17/04/2025,Brighton,Bournemouth,3,1,H,7,3,synthetic_demo
18/04/2025,Brighton,Man United,1,2,A,3,9,synthetic_demo
19/04/2025,Chelsea,Liverpool,4,2,H,11,6,synthetic_demo
19/04/2025,Liverpool,Wolves,0,3,A,4,6,synthetic_demo
20/04/2025,Chelsea,Bournemouth,6,0,H,12,2,synthetic_demo
21/04/2025,Chelsea,Fulham,0,1,A,6,4,synthetic_demo
22/04/2025,Newcastle,Liverpool,2,0,H,8,2,synthetic_demo
22/04/2025,Leeds,Crystal Palace,1,0,H,2,2,synthetic_demo
23/04/2025,Wolves,Brighton,0,2,A,3,7,synthetic_demo
24/04/2025,West Ham,Crystal Palace,1,1,D,4,3,synthetic_demo
24/04/2025,Tottenham,West Ham,3,2,H,5,4,synthetic_demo
25/04/2025,West Ham,Aston Villa,2,1,H,6,2,synthetic_demo
26/04/2025,Leeds,Aston Villa,0,1,A,0,6,synthetic_demo
31/07/2025,Everton,Bournemouth,0,0,D,0,5,synthetic_demo
31/07/2025,Newcastle,Chelsea,0,0,D,3,2,synthetic_demo
01/08/2025,Fulham,Man City,0,0,D,2,6,synthetic_demo
02/08/2025,Wolves,West Ham,1,1,D,6,5,synthetic_demo
02/08/2025,Newcastle,Man City,0,1,A,3,5,synthetic_demo
03/08/2025,Newcastle,Burnley,2,2,D,5,7,synthetic_demo
04/08/2025,Man City,Arsenal,1,2,A,4,5,synthetic_demo
04/08/2025,Man City,Tottenham,1,0,H,5,4,synthetic_demo
05/08/2025,Liverpool,Wolves,3,2,H,9,7,synthetic_demo
06/08/2025,Nott'm Forest,Sunderland,1,4,A,5,10,synthetic_demo
07/08/2025,Arsenal,Man City,0,0,D,3,2,synthetic_demo
07/08/2025,Brentford,Sunderland,0,0,D,5,2,synthetic_demo
08/08/2025,Man City,Newcastle,4,0,H,11,2,synthetic_demo
09/08/2025,Everton,Tottenham,3,1,H,4,3,synthetic_demo
09/08/2025,Wolves,Tottenham,0,1,A,4,2,synthetic_demo
10/08/2025,Leeds,Burnley,2,3,A,10,6,synthetic_demo
11/08/2025,West Ham,Tottenham,2,2,D,5,3,synthetic_demo
12/08/2025,Bournemouth,Arsenal,1,1,D,6,3,synthetic_demo
12/08/2025,Nott'm Forest,Leeds,4,2,H,6,4,synthetic_demo
13/08/2025,Everton,Arsenal,3,2,H,5,5,synthetic_demo
14/08/2025,Burnley,Brighton,2,0,H,6,5,synthetic_demo
14/08/2025,Burnley,Tottenham,0,1,A,3,4,synthetic_demo
15/08/2025,Liverpool,Bournemouth,3,2,H,9,10,synthetic_demo
16/08/2025,Wolves,Nott'm Forest,2,1,H,5,2,synthetic_demo
17/08/2025,Man United,Wolves,2,0,H,3,4,synthetic_demo
17/08/2025,Man City,Brighton,2,0,H,5,3,synthetic_demo
18/08/2025,Fulham,Brentford,1,2,A,6,6,synthetic_demo
19/08/2025,Newcastle,Brighton,0,1,A,3,2,synthetic_demo
19/08/2025,Man City,Crystal Palace,3,0,H,9,3,synthetic_demo
20/08/2025,Sunderland,Aston Villa,2,2,D,2,4,synthetic_demo
21/08/2025,Newcastle,Tottenham,1,0,H,5,3,synthetic_demo
22/08/2025,Liverpool,Arsenal,2,0,H,4,3,synthetic_demo
22/08/2025,Arsenal,Wolves,4,1,H,7,5,synthetic_demo
23/08/2025,Nott'm Forest,Bournemouth,1,0,H,3,5,synthetic_demo
24/08/2025,Fulham,Sunderland,0,2,A,3,3,synthetic_demo
24/08/2025,Man United,Crystal Palace,2,0,H,7,5,synthetic_demo
25/08/2025,Newcastle,Brentford,3,1,H,6,4,synthetic_demo
26/08/2025,Brentford,Aston Villa,0,2,A,7,6,synthetic_demo
27/08/2025,Man United,West Ham,2,0,H,9,2,synthetic_demo
27/08/2025,Man United,Nott'm Forest,0,0,D,3,6,synthetic_demo
28/08/2025,Man City,Wolves,3,3,D,8,6,synthetic_demo
29/08/2025,Fulham,Newcastle,3,1,H,4,1,synthetic_demo
29/08/2025,Fulham,West Ham,2,1,H,7,8,synthetic_demo
30/08/2025,Brentford,Chelsea,2,1,H,5,4,synthetic_demo
31/08/2025,Tottenham,Liverpool,1,0,H,7,2,synthetic_demo
31/08/2025,Fulham,Arsenal,0,1,A,1,1,synthetic_demo
01/09/2025,Bournemouth,Tottenham,2,2,D,10,5,synthetic_demo
02/09/2025,Fulham,Everton,0,0,D,3,4,synthetic_demo
03/09/2025,Chelsea,Sunderland,4,0,H,8,5,synthetic_demo
03/09/2025,Brentford,Everton,2,3,A,7,5,synthetic_demo
04/09/2025,Fulham,Bournemouth,2,2,D,6,6,synthetic_demo
05/09/2025,Burnley,Fulham,1,0,H,5,1,synthetic_demo
05/09/2025,Burnley,Newcastle,1,2,A,4,5,synthetic_demo
06/09/2025,Man City,Sunderland,3,0,H,5,0,synthetic_demo
07/09/2025,Aston Villa,West Ham,2,1,H,7,4,synthetic_demo
08/09/2025,Liverpool,Chelsea,0,1,A,5,1,synthetic_demo
08/09/2025,Wolves,Everton,1,1,D,3,2,synthetic_demo
09/09/2025,Aston Villa,Newcastle,0,2,A,1,7,synthetic_demo
10/09/2025,Crystal Palace,Brighton,0,0,D,2,1,synthetic_demo
10/09/2025,Brentford,Man City,1,2,A,5,3,synthetic_demo
11/09/2025,Chelsea,Liverpool,2,3,A,5,5,synthetic_demo
12/09/2025,Burnley,Brentford,2,0,H,6,4,synthetic_demo
13/09/2025,Everton,Brentford,2,1,H,7,1,synthetic_demo
13/09/2025,Wolves,Newcastle,1,1,D,6,7,synthetic_demo
14/09/2025,Burnley,Liverpool,0,1,A,4,3,synthetic_demo
15/09/2025,Man City,Brentford,4,3,H,8,4,synthetic_demo
15/09/2025,Man United,Aston Villa,0,4,A,5,8,synthetic_demo
16/09/2025,Aston Villa,Crystal Palace,2,2,D,4,7,synthetic_demo
17/09/2025,Brighton,Newcastle,3,1,H,4,6,synthetic_demo
18/09/2025,Crystal Palace,Bournemouth,0,0,D,3,5,synthetic_demo
18/09/2025,Man City,Bournemouth,1,1,D,7,2,synthetic_demo
19/09/2025,Nott'm Forest,Wolves,1,1,D,5,6,synthetic_demo
20/09/2025,Aston Villa,Wolves,0,0,D,2,4,synthetic_demo
20/09/2025,Everton,Man United,1,0,H,5,0,synthetic_demo
21/09/2025,Brighton,Sunderland,0,0,D,3,4,synthetic_demo
22/09/2025,Crystal Palace,Wolves,0,1,A,1,4,synthetic_demo
23/09/2025,Brighton,West Ham,1,2,A,3,3,synthetic_demo
23/09/2025,Burnley,Leeds,0,0,D,1,1,synthetic_demo
24/09/2025,West Ham,Wolves,4,1,H,7,3,synthetic_demo
25/09/2025,Burnley,Arsenal,0,2,A,6,6,synthetic_demo
25/09/2025,Newcastle,Bournemouth,0,2,A,6,3,synthetic_demo
26/09/2025,Tottenham,Burnley,1,0,H,4,5,synthetic_demo
27/09/2025,Wolves,Brentford,2,0,H,5,3,synthetic_demo
27/09/2025,Aston Villa,Brighton,1,0,H,3,3,synthetic_demo
28/09/2025,Crystal Palace,Burnley,7,0,H,12,1,synthetic_demo
29/09/2025,Nott'm Forest,Aston Villa,5,1,H,9,3,synthetic_demo
30/09/2025,Brighton,Bournemouth,0,1,A,7,5,synthetic_demo
30/09/2025,Everton,Man City,1,2,A,5,4,synthetic_demo
01/10/2025,Brighton,Chelsea,1,0,H,4,5,synthetic_demo
02/10/2025,Brentford,Wolves,3,1,H,5,4,synthetic_demo
02/10/2025,Brentford,Man United,0,3,A,5,7,synthetic_demo
03/10/2025,Fulham,Liverpool,3,2,H,4,7,synthetic_demo
04/10/2025,West Ham,Everton,4,3,H,6,3,synthetic_demo
05/10/2025,Bournemouth,Aston Villa,1,3,A,4,6,synthetic_demo
05/10/2025,Burnley,Nott'm Forest,1,1,D,2,6,synthetic_demo
06/10/2025,Sunderland,Crystal Palace,2,0,H,3,2,synthetic_demo
07/10/2025,Bournemouth,Wolves,2,1,H,8,3,synthetic_demo
07/10/2025,Liverpool,Newcastle,2,3,A,7,5,synthetic_demo
08/10/2025,Wolves,Chelsea,2,2,D,6,5,synthetic_demo
09/10/2025,Liverpool,Burnley,2,0,H,6,4,synthetic_demo
10/10/2025,Nott'm Forest,Liverpool,1,1,D,6,4,synthetic_demo
10/10/2025,Newcastle,Wolves,4,1,H,11,3,synthetic_demo
11/10/2025,Tottenham,Man City,1,2,A,3,6,synthetic_demo
12/10/2025,Brighton,Liverpool,1,3,A,6,4,synthetic_demo
12/10/2025,Aston Villa,Sunderland,2,0,H,9,3,synthetic_demo
13/10/2025,Fulham,Wolves,1,0,H,7,2,synthetic_demo
14/10/2025,Man United,Leeds,0,0,D,1,3,synthetic_demo
15/10/2025,Aston Villa,Everton,2,0,H,5,4,synthetic_demo
15/10/2025,Leeds,Crystal Palace,4,0,H,6,4,synthetic_demo
16/10/2025,Sunderland,Newcastle,0,3,A,2,8,synthetic_demo
17/10/2025,Brighton,Everton,1,1,D,4,5,synthetic_demo
17/10/2025,Newcastle,Liverpool,2,1,H,6,4,synthetic_demo
18/10/2025,Arsenal,Aston Villa,0,1,A,6,2,synthetic_demo
19/10/2025,Brighton,Arsenal,2,1,H,6,6,synthetic_demo
20/10/2025,Chelsea,Burnley,2,1,H,7,1,synthetic_demo
20/10/2025,West Ham,Aston Villa,0,0,D,6,3,synthetic_demo
21/10/2025,Sunderland,Leeds,1,1,D,5,6,synthetic_demo
22/10/2025,Wolves,Man City,2,1,H,3,1,synthetic_demo
22/10/2025,Tottenham,Fulham,1,2,A,3,3,synthetic_demo
23/10/2025,Nott'm Forest,Everton,1,1,D,5,3,synthetic_demo
24/10/2025,Tottenham,Crystal Palace,2,1,H,6,7,synthetic_demo
24/10/2025,Aston Villa,Tottenham,3,1,H,8,3,synthetic_demo
25/10/2025,Tottenham,Newcastle,1,2,A,5,2,synthetic_demo
26/10/2025,Wolves,Arsenal,1,4,A,6,8,synthetic_demo
27/10/2025,Bournemouth,Liverpool,2,3,A,7,9,synthetic_demo
27/10/2025,West Ham,Burnley,0,2,A,3,4,synthetic_demo
28/10/2025,Arsenal,Fulham,2,0,H,7,2,synthetic_demo
29/10/2025,West Ham,Liverpool,0,0,D,5,3,synthetic_demo
29/10/2025,West Ham,Leeds,2,1,H,3,5,synthetic_demo
30/10/2025,Everton,West Ham,1,1,D,2,5,synthetic_demo
31/10/2025,Chelsea,Newcastle,1,1,D,1,1,synthetic_demo
01/11/2025,Chelsea,Leeds,1,1,D,10,3,synthetic_demo
01/11/2025,Newcastle,Everton,2,0,H,5,1,synthetic_demo
02/11/2025,Nott'm Forest,Man United,1,1,D,4,2,synthetic_demo
03/11/2025,Crystal Palace,Man City,0,5,A,1,9,synthetic_demo
03/11/2025,Leeds,Man United,0,2,A,4,3,synthetic_demo
04/11/2025,Man United,Man City,0,3,A,2,7,synthetic_demo
05/11/2025,West Ham,Crystal Palace,2,2,D,5,7,synthetic_demo
06/11/2025,Aston Villa,Chelsea,0,1,A,3,3,synthetic_demo
06/11/2025,Newcastle,Leeds,3,0,H,10,2,synthetic_demo
07/11/2025,Chelsea,Aston Villa,2,2,D,5,7,synthetic_demo
08/11/2025,Brighton,Man City,4,1,H,5,5,synthetic_demo
08/11/2025,Arsenal,Tottenham,1,0,H,3,5,synthetic_demo
09/11/2025,Nott'm Forest,Burnley,3,1,H,4,1,synthetic_demo
10/11/2025,Sunderland,Brighton,1,1,D,4,4,synthetic_demo
11/11/2025,Everton,Fulham,0,2,A,2,7,synthetic_demo
11/11/2025,Nott'm Forest,Brighton,1,0,H,2,5,synthetic_demo
12/11/2025,Brighton,Aston Villa,2,1,H,7,3,synthetic_demo
13/11/2025,Everton,Liverpool,0,1,A,3,2,synthetic_demo
13/11/2025,Nott'm Forest,Chelsea,1,2,A,3,7,synthetic_demo
14/11/2025,Newcastle,Nott'm Forest,2,0,H,7,2,synthetic_demo
15/11/2025,Everton,Nott'm Forest,1,1,D,4,8,synthetic_demo
16/11/2025,Arsenal,Liverpool,1,2,A,6,4,synthetic_demo
16/11/2025,Tottenham,Nott'm Forest,1,1,D,6,9,synthetic_demo
17/11/2025,Man City,Chelsea,4,0,H,7,7,synthetic_demo
18/11/2025,Man City,Aston Villa,1,0,H,5,6,synthetic_demo
18/11/2025,Aston Villa,Nott'm Forest,1,1,D,4,1,synthetic_demo
19/11/2025,Newcastle,Aston Villa,0,0,D,2,2,synthetic_demo
20/11/2025,Tottenham,Brentford,2,2,D,4,5,synthetic_demo
20/11/2025,Leeds,Chelsea,2,1,H,6,3,synthetic_demo
21/11/2025,Sunderland,Brentford,0,0,D,4,2,synthetic_demo
22/11/2025,Crystal Palace,Newcastle,3,1,H,6,3,synthetic_demo
23/11/2025,Chelsea,Man City,0,1,A,2,3,synthetic_demo
23/11/2025,Arsenal,Crystal Palace,0,1,A,7,6,synthetic_demo
24/11/2025,West Ham,Brighton,0,1,A,4,5,synthetic_demo
25/11/2025,Brentford,Bournemouth,0,1,A,4,3,synthetic_demo
25/11/2025,West Ham,Man United,0,1,A,3,2,synthetic_demo
26/11/2025,Brighton,Brentford,2,1,H,9,1,synthetic_demo
27/11/2025,Leeds,Aston Villa,1,1,D,1,5,synthetic_demo
28/11/2025,Liverpool,Brighton,0,1,A,5,2,synthetic_demo
28/11/2025,Bournemouth,West Ham,2,0,H,4,2,synthetic_demo
29/11/2025,Burnley,Man City,1,1,D,1,5,synthetic_demo
30/11/2025,Tottenham,Wolves,0,1,A,6,4,synthetic_demo
30/11/2025,Man United,Liverpool,2,0,H,3,5,synthetic_demo
01/12/2025,Chelsea,Fulham,2,2,D,6,3,synthetic_demo
02/12/2025,Arsenal,West Ham,1,1,D,2,6,synthetic_demo
03/12/2025,Nott'm Forest,Tottenham,3,0,H,4,1,synthetic_demo
03/12/2025,Brentford,Liverpool,1,2,A,7,8,synthetic_demo
04/12/2025,Arsenal,Chelsea,0,3,A,7,5,synthetic_demo
05/12/2025,Chelsea,Bournemouth,3,0,H,4,3,synthetic_demo
05/12/2025,Tottenham,Chelsea,1,0,H,3,4,synthetic_demo
06/12/2025,Sunderland,Liverpool,1,0,H,3,3,synthetic_demo
07/12/2025,Tottenham,Everton,1,1,D,4,4,synthetic_demo
08/12/2025,Nott'm Forest,Man City,2,3,A,4,11,synthetic_demo
08/12/2025,Man City,Fulham,2,1,H,5,2,synthetic_demo
09/12/2025,Crystal Palace,Aston Villa,0,1,A,4,6,synthetic_demo
10/12/2025,West Ham,Man City,2,1,H,5,1,synthetic_demo
10/12/2025,Bournemouth,Crystal Palace,3,0,H,9,1,synthetic_demo
11/12/2025,Aston Villa,Brentford,3,0,H,4,5,synthetic_demo
12/12/2025,Liverpool,West Ham,1,1,D,6,6,synthetic_demo
13/12/2025,Bournemouth,Sunderland,3,1,H,6,3,synthetic_demo
13/12/2025,Fulham,Nott'm Forest,0,3,A,3,5,synthetic_demo
14/12/2025,Chelsea,Brighton,3,2,H,5,3,synthetic_demo
15/12/2025,Brighton,Leeds,1,1,D,4,4,synthetic_demo
15/12/2025,Aston Villa,Liverpool,0,2,A,1,9,synthetic_demo
16/12/2025,Crystal Palace,Chelsea,0,0,D,4,3,synthetic_demo
17/12/2025,Wolves,Fulham,2,0,H,3,1,synthetic_demo
17/12/2025,Tottenham,Man United,0,1,A,2,6,synthetic_demo
18/12/2025,Everton,Wolves,0,0,D,1,1,synthetic_demo
19/12/2025,Newcastle,Arsenal,1,2,A,3,7,synthetic_demo
20/12/2025,Tottenham,West Ham,0,1,A,1,3,synthetic_demo
20/12/2025,Chelsea,Arsenal,1,2,A,3,7,synthetic_demo
21/12/2025,Brentford,Burnley,0,1,A,1,5,synthetic_demo
22/12/2025,Burnley,Chelsea,1,2,A,3,4,synthetic_demo
22/12/2025,Wolves,Liverpool,1,1,D,6,7,synthetic_demo
23/12/2025,Everton,Crystal Palace,0,1,A,6,4,synthetic_demo
24/12/2025,Liverpool,Tottenham,0,1,A,4,4,synthetic_demo
25/12/2025,Liverpool,Aston Villa,4,0,H,5,4,synthetic_demo
25/12/2025,Sunderland,Everton,2,3,A,5,5,synthetic_demo
26/12/2025,Fulham,Aston Villa,2,1,H,10,5,synthetic_demo
27/12/2025,Leeds,Man City,2,1,H,3,3,synthetic_demo
27/12/2025,Sunderland,Chelsea,0,0,D,4,3,synthetic_demo
28/12/2025,Wolves,Burnley,3,1,H,7,4,synthetic_demo
29/12/2025,Wolves,Leeds,1,0,H,6,2,synthetic_demo
30/12/2025,Chelsea,Wolves,5,1,H,10,2,synthetic_demo
30/12/2025,Arsenal,Everton,1,0,H,7,4,synthetic_demo
31/12/2025,Sunderland,Arsenal,0,2,A,2,6,synthetic_demo
01/01/2026,Burnley,Sunderland,2,1,H,2,4,synthetic_demo
01/01/2026,Burnley,Everton,1,0,H,2,2,synthetic_demo
02/01/2026,Aston Villa,Arsenal,0,0,D,4,1,synthetic_demo
03/01/2026,Sunderland,Man City,2,1,H,6,1,synthetic_demo
04/01/2026,Crystal Palace,Nott'm Forest,2,0,H,4,3,synthetic_demo
04/01/2026,Fulham,Crystal Palace,3,0,H,6,1,synthetic_demo
05/01/2026,Arsenal,Man United,3,2,H,9,4,synthetic_demo
06/01/2026,Sunderland,Man United,1,1,D,3,4,synthetic_demo
06/01/2026,Sunderland,Tottenham,1,0,H,4,1,synthetic_demo
07/01/2026,Nott'm Forest,Arsenal,0,0,D,1,3,synthetic_demo
08/01/2026,Newcastle,Man United,0,1,A,7,4,synthetic_demo
09/01/2026,Crystal Palace,Liverpool,0,2,A,2,6,synthetic_demo
09/01/2026,Fulham,Man United,1,0,H,5,2,synthetic_demo
10/01/2026,Man United,Newcastle,0,0,D,6,2,synthetic_demo
11/01/2026,Sunderland,Fulham,3,1,H,9,4,synthetic_demo
11/01/2026,Man United,Burnley,0,0,D,4,3,synthetic_demo
12/01/2026,Man United,Chelsea,1,1,D,1,3,synthetic_demo
13/01/2026,Brighton,Wolves,4,1,H,5,4,synthetic_demo
13/01/2026,Leeds,Everton,1,2,A,2,3,synthetic_demo
14/01/2026,West Ham,Sunderland,2,2,D,7,4,synthetic_demo
15/01/2026,Liverpool,Man United,0,2,A,6,4,synthetic_demo
16/01/2026,Man City,West Ham,2,3,A,5,5,synthetic_demo
16/01/2026,Aston Villa,Fulham,2,1,H,5,5,synthetic_demo
17/01/2026,Crystal Palace,Brentford,0,0,D,0,1,synthetic_demo
18/01/2026,Brentford,Tottenham,0,5,A,4,8,synthetic_demo
18/01/2026,Burnley,West Ham,1,1,D,3,2,synthetic_demo
19/01/2026,Brentford,Leeds,2,2,D,6,5,synthetic_demo
20/01/2026,Fulham,Chelsea,2,1,H,6,6,synthetic_demo
21/01/2026,Man City,Burnley,1,0,H,4,1,synthetic_demo
21/01/2026,Burnley,Wolves,0,1,A,2,3,synthetic_demo
22/01/2026,Fulham,Leeds,1,1,D,4,1,synthetic_demo
23/01/2026,Bournemouth,Leeds,0,0,D,1,3,synthetic_demo
23/01/2026,Fulham,Brighton,0,3,A,2,4,synthetic_demo
24/01/2026,Liverpool,Leeds,0,2,A,7,7,synthetic_demo
25/01/2026,West Ham,Arsenal,1,3,A,3,6,synthetic_demo
26/01/2026,Tottenham,Sunderland,1,0,H,3,8,synthetic_demo
26/01/2026,Aston Villa,Man United,0,3,A,3,4,synthetic_demo
27/01/2026,West Ham,Bournemouth,0,1,A,4,5,synthetic_demo
28/01/2026,Burnley,Bournemouth,2,2,D,4,5,synthetic_demo
28/01/2026,Brentford,Brighton,1,1,D,4,4,synthetic_demo
29/01/2026,Brighton,Burnley,5,1,H,15,6,synthetic_demo
30/01/2026,Brentford,Newcastle,1,2,A,5,5,synthetic_demo
31/01/2026,Newcastle,Crystal Palace,1,1,D,4,2,synthetic_demo
31/01/2026,Leeds,Tottenham,0,1,A,3,4,synthetic_demo
01/02/2026,Liverpool,Sunderland,3,1,H,6,4,synthetic_demo
02/02/2026,Sunderland,Burnley,1,0,H,4,4,synthetic_demo
02/02/2026,Brentford,West Ham,0,0,D,2,6,synthetic_demo
03/02/2026,Man City,Everton,1,1,D,4,3,synthetic_demo
04/02/2026,Arsenal,Brighton,1,0,H,6,2,synthetic_demo
05/02/2026,Fulham,Tottenham,1,0,H,4,5,synthetic_demo
05/02/2026,Brighton,Fulham,1,1,D,5,8,synthetic_demo
06/02/2026,Leeds,Sunderland,3,1,H,5,2,synthetic_demo
07/02/2026,Chelsea,Tottenham,1,1,D,7,2,synthetic_demo
07/02/2026,Aston Villa,Burnley,1,2,A,6,6,synthetic_demo
08/02/2026,Brentford,Crystal Palace,0,1,A,2,4,synthetic_demo
09/02/2026,Liverpool,Fulham,2,0,H,7,6,synthetic_demo
09/02/2026,Everton,Leeds,1,0,H,3,3,synthetic_demo
10/02/2026,West Ham,Brentford,2,1,H,4,4,synthetic_demo
11/02/2026,Bournemouth,Brentford,2,1,H,4,2,synthetic_demo
12/02/2026,Liverpool,Nott'm Forest,2,0,H,6,1,synthetic_demo
12/02/2026,Tottenham,Leeds,2,0,H,5,1,synthetic_demo
13/02/2026,Everton,Sunderland,0,1,A,3,3,synthetic_demo
14/02/2026,Leeds,Newcastle,0,2,A,1,10,synthetic_demo
14/02/2026,Liverpool,Crystal Palace,1,0,H,4,3,synthetic_demo
15/02/2026,Sunderland,West Ham,0,1,A,3,5,synthetic_demo
16/02/2026,Wolves,Bournemouth,0,1,A,3,3,synthetic_demo
17/02/2026,Chelsea,Man United,0,1,A,2,5,synthetic_demo
17/02/2026,Leeds,Brighton,1,2,A,3,4,synthetic_demo
18/02/2026,Liverpool,Man City,3,1,H,8,4,synthetic_demo
19/02/2026,Arsenal,Newcastle,1,2,A,6,8,synthetic_demo
19/02/2026,Wolves,Sunderland,1,0,H,5,1,synthetic_demo
20/02/2026,Man City,Liverpool,3,0,H,5,4,synthetic_demo
21/02/2026,Leeds,Bournemouth,1,1,D,4,2,synthetic_demo
22/02/2026,Bournemouth,Everton,0,0,D,3,0,synthetic_demo
22/02/2026,Tottenham,Aston Villa,1,0,H,3,9,synthetic_demo
23/02/2026,Man United,Fulham,0,0,D,1,2,synthetic_demo
24/02/2026,Everton,Chelsea,0,2,A,3,3,synthetic_demo
24/02/2026,Leeds,Arsenal,0,2,A,2,8,synthetic_demo
25/02/2026,Chelsea,Nott'm Forest,3,2,H,10,2,synthetic_demo
26/02/2026,West Ham,Newcastle,2,0,H,3,3,synthetic_demo
27/02/2026,Aston Villa,Leeds,5,0,H,9,2,synthetic_demo
27/02/2026,Leeds,Nott'm Forest,2,0,H,8,3,synthetic_demo
28/02/2026,Wolves,Crystal Palace,1,2,A,5,3,synthetic_demo
01/03/2026,Man City,Man United,2,1,H,8,1,synthetic_demo
01/03/2026,Bournemouth,Fulham,1,1,D,4,4,synthetic_demo
02/03/2026,Tottenham,Bournemouth,0,1,A,2,4,synthetic_demo
03/03/2026,Bournemouth,Man United,0,2,A,0,6,synthetic_demo
04/03/2026,Crystal Palace,Sunderland,2,1,H,6,4,synthetic_demo
04/03/2026,Crystal Palace,Fulham,1,0,H,7,3,synthetic_demo
05/03/2026,Chelsea,Brentford,1,1,D,5,3,synthetic_demo
06/03/2026,Burnley,Man United,1,1,D,6,7,synthetic_demo
06/03/2026,Arsenal,Burnley,2,0,H,5,3,synthetic_demo
07/03/2026,Everton,Newcastle,0,0,D,0,6,synthetic_demo
08/03/2026,Brentford,Nott'm Forest,2,0,H,4,1,synthetic_demo
08/03/2026,Man United,Bournemouth,2,0,H,5,3,synthetic_demo
09/03/2026,Chelsea,Everton,2,0,H,2,4,synthetic_demo
10/03/2026,Crystal Palace,West Ham,1,0,H,4,2,synthetic_demo
11/03/2026,West Ham,Fulham,3,2,H,4,5,synthetic_demo
11/03/2026,Leeds,West Ham,1,0,H,5,1,synthetic_demo
12/03/2026,Sunderland,Bournemouth,2,1,H,4,6,synthetic_demo
13/03/2026,Arsenal,Brentford,0,3,A,6,3,synthetic_demo
13/03/2026,Crystal Palace,Leeds,0,1,A,1,8,synthetic_demo
14/03/2026,Fulham,Burnley,3,0,H,11,4,synthetic_demo
15/03/2026,West Ham,Chelsea,3,2,H,4,5,synthetic_demo
16/03/2026,Newcastle,Fulham,1,0,H,9,2,synthetic_demo
16/03/2026,Wolves,Aston Villa,0,1,A,3,5,synthetic_demo
17/03/2026,Bournemouth,Man City,2,4,A,7,6,synthetic_demo
18/03/2026,Wolves,Brighton,0,3,A,2,7,synthetic_demo
18/03/2026,Wolves,Man United,0,2,A,5,4,synthetic_demo
19/03/2026,Leeds,Brentford,0,0,D,1,3,synthetic_demo
20/03/2026,Sunderland,Wolves,2,0,H,9,1,synthetic_demo
21/03/2026,Brighton,Nott'm Forest,1,1,D,5,8,synthetic_demo
21/03/2026,Bournemouth,Newcastle,5,1,H,9,3,synthetic_demo
22/03/2026,Man United,Arsenal,1,1,D,6,3,synthetic_demo
23/03/2026,Brighton,Crystal Palace,0,0,D,5,2,synthetic_demo
23/03/2026,Aston Villa,Bournemouth,0,1,A,0,4,synthetic_demo
24/03/2026,Man United,Brentford,2,0,H,3,3,synthetic_demo
25/03/2026,Chelsea,West Ham,3,0,H,6,2,synthetic_demo
26/03/2026,Burnley,Crystal Palace,0,0,D,0,0,synthetic_demo
26/03/2026,Man City,Nott'm Forest,1,0,H,7,0,synthetic_demo
27/03/2026,Brentford,Arsenal,0,5,A,3,12,synthetic_demo
28/03/2026,Newcastle,West Ham,3,0,H,6,0,synthetic_demo
28/03/2026,Brighton,Tottenham,0,2,A,2,3,synthetic_demo
29/03/2026,Newcastle,Sunderland,1,1,D,5,2,synthetic_demo
30/03/2026,Bournemouth,Nott'm Forest,2,0,H,3,2,synthetic_demo
31/03/2026,Everton,Brighton,1,2,A,2,4,synthetic_demo
31/03/2026,Leeds,Fulham,1,0,H,3,2,synthetic_demo
01/04/2026,Sunderland,Nott'm Forest,2,4,A,4,6,synthetic_demo
02/04/2026,Crystal Palace,Arsenal,2,2,D,4,7,synthetic_demo
02/04/2026,Arsenal,Leeds,3,3,D,12,3,synthetic_demo
03/04/2026,Arsenal,Bournemouth,1,0,H,3,1,synthetic_demo
04/04/2026,Tottenham,Brighton,1,1,D,6,4,synthetic_demo
04/04/2026,Burnley,Aston Villa,1,2,A,5,5,synthetic_demo
05/04/2026,Bournemouth,Brighton,1,1,D,10,4,synthetic_demo
06/04/2026,Man United,Brighton,3,0,H,4,3,synthetic_demo
07/04/2026,Liverpool,Everton,5,0,H,13,2,synthetic_demo
07/04/2026,Man City,Leeds,1,0,H,5,3,synthetic_demo
08/04/2026,Leeds,Wolves,1,1,D,5,5,synthetic_demo
09/04/2026,Nott'm Forest,Crystal Palace,1,0,H,6,1,synthetic_demo
09/04/2026,Tottenham,Arsenal,0,1,A,5,6,synthetic_demo
10/04/2026,Brighton,Man United,1,2,A,4,7,synthetic_demo
11/04/2026,Bournemouth,Chelsea,0,0,D,7,5,synthetic_demo
12/04/2026,Man United,Sunderland,4,0,H,9,5,synthetic_demo
12/04/2026,Brentford,Fulham,2,1,H,3,4,synthetic_demo
13/04/2026,West Ham,Nott'm Forest,1,2,A,4,3,synthetic_demo
14/04/2026,Everton,Burnley,4,0,H,9,5,synthetic_demo
14/04/2026,Man United,Tottenham,1,2,A,5,3,synthetic_demo
15/04/2026,Nott'm Forest,West Ham,1,0,H,6,4,synthetic_demo
16/04/2026,Leeds,Liverpool,0,2,A,3,4,synthetic_demo
17/04/2026,Everton,Aston Villa,2,1,H,5,7,synthetic_demo
17/04/2026,Liverpool,Brentford,2,1,H,5,5,synthetic_demo
18/04/2026,Nott'm Forest,Newcastle,1,0,H,4,5,synthetic_demo
19/04/2026,Nott'm Forest,Brentford,1,0,H,3,3,synthetic_demo
19/04/2026,Man United,Everton,3,1,H,5,3,synthetic_demo
20/04/2026,Crystal Palace,Man United,0,0,D,4,3,synthetic_demo
21/04/2026,Arsenal,Nott'm Forest,0,0,D,7,3,synthetic_demo
22/04/2026,Aston Villa,Man City,1,2,A,9,9,synthetic_demo
22/04/2026,Arsenal,Sunderland,0,1,A,4,5,synthetic_demo
23/04/2026,Bournemouth,Burnley,3,2,H,6,4,synthetic_demo
24/04/2026,Crystal Palace,Everton,0,1,A,3,1,synthetic_demo
24/04/2026,Nott'm Forest,Fulham,1,2,A,1,4,synthetic_demo
25/04/2026,Chelsea,Crystal Palace,1,0,H,5,4,synthetic_demo
26/04/2026,Crystal Palace,Tottenham,1,1,D,5,4,synthetic_demo
